transaction_id,user_id,amount,date_time,location,ip_address,device,transaction_type,frequency_last_24h,fraud
1,227,760.75,2024-09-08 15:09:52,Constanta,63.77.77.49,phone,in-person,1,0
2,230,824.71,2024-09-22 23:35:04,Sydney,124.49.242.147,laptop,online,4,0
3,30,2622.78,2025-01-15 22:01:40,Constanta,216.233.143.71,laptop,in-person,1,0
4,130,1261.65,2024-09-08 06:54:06,London,98.136.243.70,phone,online,3,0
5,165,2944.51,2025-03-19 17:55:23,Slatina,57.195.201.157,phone,online,5,0
6,170,1663.31,2024-06-07 18:46:54,Los Angeles,23.96.89.204,phone,online,3,0
7,127,785.39,2024-08-19 21:45:41,Sydney,147.196.118.133,computer,online,2,0
8,102,1051.34,2024-07-26 22:51:04,Chicago,160.131.32.164,phone,online,1,0
9,35,1971.37,2024-07-24 16:26:29,Chicago,88.130.160.84,phone,in-person,2,0
10,30,1011.46,2024-09-15 09:54:40,New York,218.1.43.44,laptop,online,0,0
11,2,717.54,2024-08-31 18:19:09,Craiova,39.208.129.148,laptop,in-person,1,0
12,119,2553.89,2025-01-05 19:54:39,Bucharest,251.197.234.65,laptop,online,2,0
13,114,1602.58,2024-05-24 16:57:37,Sydney,212.237.183.193,phone,in-person,3,0
14,60,258.74,2024-08-12 13:36:54,Sydney,188.39.192.232,computer,online,3,0
15,143,1305.73,2024-11-05 17:31:25,Cluj,101.131.160.113,computer,in-person,1,0
16,106,420.63,2024-09-25 05:39:52,Constanta,103.236.218.32,laptop,in-person,1,0
17,92,1930.95,2025-03-17 19:54:28,Chicago,27.53.8.21,computer,online,4,0
18,248,2089.35,2025-04-02 02:27:35,Miami,238.126.29.229,computer,in-person,0,0
19,119,1700.99,2024-11-19 05:58:56,Paris,252.242.80.204,phone,in-person,0,0
20,209,1466.93,2024-06-11 15:02:42,Craiova,127.96.82.127,laptop,in-person,1,0
21,115,570.54,2025-04-22 22:11:15,Tokyo,62.75.199.53,computer,online,3,0
22,202,1763.68,2025-04-12 07:58:03,Chicago,88.94.155.116,phone,online,3,0
23,12,1631.56,2024-06-03 04:53:18,Craiova,208.236.1.88,phone,online,1,0
24,78,1285.38,2024-08-24 09:25:18,Sydney,110.163.10.120,phone,in-person,1,0
25,139,1080.27,2025-03-18 07:42:42,Sydney,137.49.83.243,phone,online,3,0
26,82,1958.73,2024-11-26 09:31:29,Berlin,161.181.103.79,laptop,online,1,0
27,211,265.73,2025-02-23 13:09:33,Berlin,107.166.209.123,computer,in-person,1,0
28,167,271.55,2024-07-08 15:09:04,Cluj,134.75.151.73,computer,online,4,0
29,8,913.95,2024-06-22 19:18:52,Chicago,216.56.160.73,laptop,in-person,2,0
30,44,1116.19,2025-04-15 07:40:21,Bucharest,102.127.27.170,computer,online,2,0
31,232,1571.75,2024-10-26 13:36:14,Miami,36.31.82.119,laptop,in-person,5,0
32,24,2767.48,2024-06-04 21:52:36,Sydney,239.91.46.77,computer,in-person,1,0
33,30,2130.77,2024-11-09 13:39:27,Craiova,159.111.240.224,laptop,online,2,0
34,185,1001.9,2024-11-29 09:43:22,Chicago,209.10.55.128,phone,in-person,2,0
35,184,1508.88,2025-04-23 23:42:33,Paris,249.59.83.175,laptop,in-person,1,0
36,32,777.65,2024-08-03 03:14:44,Berlin,33.133.27.208,computer,online,1,0
37,190,2130.72,2025-05-06 08:05:07,London,249.105.254.61,laptop,in-person,3,0
38,98,127.59,2024-09-11 10:25:38,Miami,230.221.221.234,phone,online,3,0
39,92,1416.86,2024-08-30 20:31:11,Craiova,181.54.11.4,computer,in-person,3,0
40,88,1047.89,2025-04-13 04:00:52,Los Angeles,170.85.174.204,phone,online,2,0
41,37,1921.92,2024-10-31 16:45:09,Berlin,91.173.72.44,phone,online,1,0
42,65,2637.07,2025-01-16 13:01:05,Tokyo,15.126.208.239,computer,online,0,0
43,240,1907.87,2024-06-13 23:53:55,Cluj,71.149.233.252,computer,online,0,0
44,132,748.62,2024-09-19 05:26:07,Chicago,204.251.228.179,laptop,online,2,0
45,125,727.45,2025-02-17 03:22:29,Tokyo,162.204.116.182,computer,in-person,1,0
46,134,1029.9,2024-09-25 13:33:52,Miami,246.55.204.192,phone,in-person,2,0
47,144,2724.19,2025-02-01 16:11:59,Constanta,37.186.176.212,laptop,online,0,0
48,120,744.89,2025-02-21 06:54:34,Berlin,87.16.161.29,phone,in-person,1,0
49,76,2958.99,2025-03-19 14:01:01,Berlin,204.49.71.160,computer,in-person,1,0
50,143,559.03,2024-12-24 11:01:39,Bucharest,5.59.106.234,computer,online,4,0
51,116,2690.28,2025-04-14 08:10:08,Paris,63.229.95.186,laptop,in-person,3,1
52,82,633.7,2025-04-07 03:17:00,Miami,80.251.44.63,laptop,in-person,1,0
53,108,1714.54,2024-08-08 20:51:38,Sydney,7.208.167.34,phone,in-person,3,0
54,134,1345.31,2024-07-25 02:19:14,London,201.12.99.148,phone,online,1,0
55,35,2669.18,2024-09-04 11:32:46,Chicago,33.196.197.166,phone,in-person,1,0
56,54,496.39,2024-12-08 09:26:22,London,20.1.21.16,computer,in-person,5,0
57,116,1721.63,2024-10-14 23:43:21,Chicago,55.4.178.2,phone,online,3,0
58,73,187.79,2024-07-07 21:44:16,Craiova,96.95.94.172,computer,online,2,0
59,6,2006.43,2024-10-18 19:36:51,Chicago,23.232.72.26,phone,in-person,4,0
60,227,1634.65,2024-05-27 11:32:18,Los Angeles,11.134.133.99,computer,online,1,0
61,109,2487.77,2024-11-08 06:41:51,Los Angeles,158.88.137.63,laptop,online,0,0
62,6,1040.11,2024-10-31 14:24:45,Tokyo,121.152.232.93,phone,in-person,1,0
63,60,2530.32,2025-03-10 10:02:28,Tokyo,196.51.105.66,phone,online,3,1
64,84,1433.5,2025-01-24 03:15:13,Berlin,82.222.14.194,computer,online,4,0
65,13,2534.64,2024-11-21 19:11:48,New York,152.122.238.23,laptop,online,1,1
66,143,896.4,2025-03-14 23:03:32,Chicago,159.27.235.75,computer,online,4,0
67,81,108.55,2025-03-25 06:36:27,Paris,151.159.88.4,phone,online,0,0
68,156,2082.6,2024-07-22 01:29:50,London,78.119.134.118,phone,online,2,0
69,39,1714.43,2025-01-07 23:49:56,London,225.126.30.59,laptop,online,3,0
70,89,876.34,2024-12-07 20:20:47,Paris,120.221.181.114,computer,online,2,0
71,225,457.93,2024-06-04 03:59:46,Chicago,37.61.214.95,phone,in-person,1,0
72,236,2321.63,2025-04-15 10:07:44,Tokyo,178.98.87.228,computer,in-person,3,0
73,6,125.62,2025-02-28 22:34:12,Miami,243.206.204.130,laptop,in-person,2,0
74,75,1597.98,2024-10-03 07:14:00,New York,208.36.76.118,phone,in-person,1,0
75,77,1401.12,2024-12-21 07:03:07,Sydney,169.11.97.157,phone,online,5,0
76,23,2060.59,2025-03-21 04:28:10,Bucharest,178.218.56.42,phone,online,0,0
77,13,1926.09,2025-02-06 03:03:50,Paris,86.134.17.35,laptop,online,3,0
78,249,2705.58,2024-10-19 23:08:58,London,237.29.38.142,computer,in-person,2,0
79,63,2679.22,2024-08-14 02:47:33,Sydney,188.59.23.32,laptop,online,2,0
80,42,1234.56,2024-06-26 01:28:18,Constanta,133.10.246.187,laptop,online,3,0
81,147,319.0,2025-01-08 16:45:38,Bucharest,69.46.117.245,computer,online,0,0
82,179,948.63,2024-07-06 05:42:38,Bucharest,45.250.178.62,phone,online,1,0
83,83,2613.46,2024-06-23 15:42:08,Miami,26.184.181.12,computer,online,0,0
84,186,745.51,2024-07-17 01:45:28,Cluj,63.9.28.149,laptop,online,3,0
85,47,2497.72,2025-01-04 04:00:42,Los Angeles,151.57.233.240,laptop,in-person,0,0
86,59,1433.76,2024-11-11 18:27:11,New York,152.17.232.250,computer,online,1,0
87,24,285.18,2025-01-29 14:50:39,Miami,93.5.60.151,laptop,online,3,0
88,150,2497.99,2024-11-11 12:04:04,New York,233.171.228.150,phone,in-person,3,0
89,8,103.56,2025-04-30 07:42:44,London,158.87.86.189,phone,in-person,2,0
90,82,334.78,2024-12-20 09:43:34,London,218.226.228.121,computer,online,0,0
91,64,1974.96,2024-08-14 07:48:42,Bucharest,170.72.149.119,phone,in-person,2,0
92,124,2648.38,2025-02-04 21:12:44,Chicago,117.147.96.183,phone,in-person,1,0
93,1,1210.2,2024-11-24 17:07:57,Miami,237.155.112.221,computer,in-person,0,0
94,219,2965.48,2024-09-02 06:11:25,Chicago,52.177.250.51,laptop,online,2,0
95,173,1360.2,2025-03-28 20:50:58,New York,58.57.220.40,phone,in-person,1,0
96,186,1211.07,2025-01-29 03:10:19,Paris,89.228.162.10,phone,online,1,0
97,143,2125.18,2024-05-26 19:26:22,Craiova,25.174.41.65,computer,in-person,2,0
98,155,1698.11,2024-11-09 12:12:50,London,191.238.235.205,computer,online,1,0
99,172,756.34,2024-06-16 12:28:52,Berlin,30.88.50.58,laptop,online,3,0
100,159,729.76,2024-08-23 10:34:37,Bucharest,82.163.9.133,computer,online,4,0
101,228,2400.2,2024-06-10 21:36:50,Paris,53.147.28.140,phone,online,2,0
102,33,2853.82,2025-05-21 20:50:53,Miami,250.218.148.39,phone,in-person,2,0
103,4,1666.13,2024-10-17 23:16:47,Craiova,42.200.167.103,computer,in-person,7,0
104,193,480.94,2024-09-23 11:03:31,Cluj,226.232.81.25,phone,in-person,2,0
105,7,2132.06,2024-06-07 14:05:48,Chicago,143.149.29.146,phone,online,0,0
106,195,662.6,2025-05-08 07:45:04,Constanta,161.117.224.113,computer,online,3,0
107,178,290.08,2025-01-27 19:19:49,Miami,247.19.217.142,laptop,in-person,0,0
108,125,197.37,2025-04-19 11:03:13,Craiova,80.80.173.51,phone,online,2,0
109,237,696.48,2024-12-13 03:31:31,Craiova,169.231.42.123,phone,in-person,3,0
110,38,78.75,2024-11-02 00:11:32,New York,48.220.242.128,phone,in-person,2,0
111,201,2505.24,2024-09-06 03:41:20,Bucharest,118.80.74.33,laptop,in-person,2,0
112,44,2192.97,2024-08-17 06:39:42,Chicago,180.97.125.137,computer,in-person,2,0
113,63,2314.35,2024-11-11 06:17:21,Berlin,134.249.113.92,phone,in-person,0,0
114,215,2271.0,2024-09-10 00:14:28,Constanta,54.35.148.97,computer,online,1,0
115,22,1710.0,2024-09-28 23:36:13,Paris,49.130.74.209,computer,online,0,0
116,66,1313.41,2024-07-08 00:37:53,Slatina,122.90.102.185,phone,in-person,0,0
117,225,2138.91,2024-07-17 11:28:10,Constanta,121.88.94.175,laptop,in-person,1,0
118,6,2293.85,2025-04-04 07:10:36,Miami,229.75.226.37,phone,in-person,4,0
119,233,558.64,2024-05-27 08:24:37,Constanta,156.30.140.169,phone,online,1,0
120,115,1661.66,2025-02-02 06:43:57,Constanta,216.216.12.115,laptop,in-person,2,0
121,122,1465.85,2025-05-17 09:59:23,Berlin,182.21.23.193,phone,online,0,0
122,191,2653.77,2025-04-28 11:43:01,Craiova,233.34.233.27,computer,online,5,0
123,213,1953.01,2024-11-10 12:08:41,Tokyo,122.63.2.179,computer,in-person,1,0
124,200,2634.36,2024-09-04 13:21:58,Sydney,143.2.212.213,laptop,in-person,2,0
125,122,11.97,2025-04-16 18:32:53,Los Angeles,63.86.190.158,computer,online,1,0
126,70,2409.37,2024-11-02 06:15:11,Slatina,84.20.218.3,phone,online,2,0
127,46,2703.36,2024-06-06 15:48:16,New York,80.189.72.42,laptop,in-person,0,0
128,147,188.4,2024-10-08 18:24:42,Berlin,224.19.248.241,laptop,online,1,0
129,117,533.56,2025-02-15 07:00:01,Berlin,35.147.24.240,computer,in-person,2,0
130,201,787.78,2025-01-27 03:45:34,Constanta,56.152.129.4,phone,online,0,0
131,204,73.85,2024-11-09 03:31:13,Tokyo,95.119.200.222,computer,online,0,0
132,147,1345.85,2025-01-25 18:52:16,New York,182.96.160.137,laptop,in-person,4,0
133,134,1808.92,2024-08-08 07:26:25,Miami,250.106.29.182,computer,online,2,0
134,61,108.77,2025-01-29 03:05:25,Sydney,205.212.149.103,laptop,online,2,0
135,119,989.4,2024-07-09 12:00:21,Berlin,215.126.167.154,laptop,online,2,0
136,38,1708.99,2024-07-23 01:55:24,London,175.118.186.231,computer,online,3,0
137,138,2389.48,2025-04-13 13:28:12,Miami,209.4.67.0,phone,in-person,0,0
138,109,1987.65,2025-04-10 14:58:16,Cluj,161.213.85.223,computer,in-person,1,0
139,126,1404.45,2024-09-02 21:37:39,Los Angeles,204.177.135.115,laptop,online,2,0
140,103,962.59,2025-03-04 02:21:12,Los Angeles,2.25.98.60,laptop,in-person,2,0
141,66,313.0,2024-07-21 01:38:12,Los Angeles,196.202.246.158,laptop,in-person,1,0
142,47,2028.91,2024-08-31 01:36:57,Craiova,49.164.58.61,computer,online,0,1
143,154,1741.79,2025-04-13 14:14:40,Los Angeles,8.99.208.226,phone,online,2,0
144,172,1385.02,2025-01-25 10:23:17,Chicago,211.73.238.178,phone,online,1,0
145,246,977.49,2025-03-28 14:28:41,Chicago,36.27.148.183,computer,in-person,4,0
146,193,1384.5,2025-03-06 21:05:11,Bucharest,164.115.177.160,phone,online,0,0
147,78,904.42,2024-10-05 05:02:44,Craiova,159.179.91.109,phone,in-person,2,0
148,9,934.27,2024-09-11 10:49:05,Miami,218.35.244.126,phone,online,1,0
149,137,1317.89,2024-08-04 14:50:28,Craiova,81.187.73.81,phone,in-person,3,0
150,147,504.87,2024-08-24 22:57:33,Cluj,183.75.134.61,computer,online,2,0
151,112,1611.98,2025-03-27 13:46:10,Bucharest,225.5.48.3,computer,in-person,2,0
152,144,2293.77,2025-03-18 21:28:35,Craiova,132.125.27.196,computer,in-person,2,0
153,91,1116.07,2024-05-31 00:29:29,Slatina,229.184.125.250,phone,in-person,0,0
154,33,791.43,2024-09-15 17:19:24,Bucharest,43.227.226.135,phone,online,2,0
155,237,2603.33,2024-07-29 21:07:14,New York,223.228.119.56,computer,online,4,0
156,115,1559.33,2024-12-06 19:14:20,Bucharest,47.59.147.109,phone,online,4,0
157,97,1729.13,2025-03-16 03:39:23,Berlin,106.113.183.74,computer,online,3,0
158,87,1324.33,2024-10-22 07:45:53,Los Angeles,99.92.160.244,phone,in-person,2,0
159,70,166.99,2024-11-19 01:27:26,Berlin,63.58.80.90,laptop,in-person,3,0
160,212,800.9,2024-08-10 01:54:30,Craiova,34.74.102.50,computer,in-person,1,0
161,80,1452.37,2024-05-29 13:28:01,Sydney,86.151.13.59,phone,in-person,2,0
162,99,2664.17,2024-07-23 11:38:13,Craiova,1.163.9.87,phone,in-person,3,0
163,29,10.63,2025-05-17 23:47:56,Bucharest,20.209.226.39,phone,online,0,0
164,136,2154.31,2024-08-10 13:57:26,Constanta,94.4.100.81,laptop,online,2,0
165,5,1022.34,2025-04-14 11:54:33,Tokyo,173.77.68.16,laptop,in-person,3,0
166,168,1992.57,2024-06-01 10:43:25,Berlin,16.220.5.118,phone,in-person,4,0
167,243,485.08,2024-12-12 00:03:48,New York,237.133.222.68,computer,online,5,0
168,132,1700.53,2024-07-21 18:04:14,Chicago,3.212.17.182,laptop,online,1,0
169,87,1069.02,2025-05-09 00:42:45,London,7.205.19.172,computer,in-person,1,0
170,33,415.03,2024-06-19 01:48:10,Sydney,177.44.144.202,laptop,in-person,2,0
171,246,2533.62,2025-01-02 01:48:52,Sydney,41.30.165.247,phone,online,0,0
172,14,907.57,2025-05-01 22:06:03,Bucharest,138.168.203.217,phone,online,2,0
173,85,1998.88,2025-05-19 22:03:06,Cluj,124.63.105.191,laptop,in-person,1,0
174,194,791.5,2025-03-31 19:37:48,New York,35.80.78.3,phone,in-person,0,0
175,154,858.99,2024-07-28 11:54:46,Sydney,161.55.0.51,computer,online,1,0
176,173,2706.97,2024-11-09 23:33:10,Berlin,226.63.187.247,laptop,online,2,0
177,6,1225.15,2024-09-02 16:49:03,London,11.132.117.217,computer,in-person,3,0
178,242,600.61,2024-12-05 07:30:43,Bucharest,100.240.105.211,phone,online,2,0
179,127,2103.21,2024-08-30 12:24:45,Tokyo,153.248.97.34,laptop,in-person,3,1
180,3,578.01,2024-12-07 00:39:26,Miami,3.74.148.198,laptop,online,4,0
181,84,1220.59,2024-10-21 09:11:20,Tokyo,60.38.61.29,phone,online,3,0
182,217,1325.59,2025-01-29 19:36:59,New York,193.204.187.66,laptop,online,2,0
183,177,1477.47,2024-12-17 07:39:43,Sydney,176.8.243.173,laptop,online,1,0
184,170,1953.71,2024-10-23 14:07:41,Los Angeles,45.139.146.201,laptop,online,3,0
185,164,1919.55,2024-10-31 21:26:32,Berlin,21.185.172.180,computer,in-person,2,0
186,6,1231.44,2025-03-27 10:21:10,New York,3.23.48.6,computer,in-person,4,0
187,52,192.77,2025-03-22 18:21:49,London,10.227.160.220,phone,online,3,0
188,25,2861.19,2025-05-18 01:05:24,Constanta,114.21.117.210,phone,online,2,0
189,110,771.59,2024-05-28 17:58:27,Berlin,125.148.0.36,phone,online,0,0
190,234,1436.07,2024-07-28 15:26:38,Los Angeles,140.123.146.166,phone,online,1,0
191,79,504.64,2024-12-24 19:53:48,Paris,40.29.217.109,laptop,online,3,0
192,84,2522.1,2025-04-05 22:27:22,Miami,25.124.83.7,computer,online,0,0
193,62,2418.48,2024-10-17 11:02:36,Slatina,39.57.85.46,phone,online,4,1
194,171,183.82,2024-08-09 14:03:13,Paris,253.84.199.102,phone,in-person,1,0
195,239,715.87,2025-03-05 02:11:11,Paris,70.78.39.170,laptop,in-person,1,0
196,25,2197.19,2024-12-19 18:16:03,Cluj,148.104.126.120,phone,in-person,2,0
197,95,468.6,2025-02-15 19:25:15,Chicago,121.133.233.168,phone,online,1,0
198,13,2629.89,2024-11-14 07:40:50,Constanta,194.111.242.198,computer,in-person,0,0
199,122,957.85,2024-07-02 04:19:57,Los Angeles,122.93.252.88,laptop,online,3,0
200,140,1008.12,2025-03-01 10:52:19,Miami,104.47.73.31,computer,in-person,1,0
201,184,1744.61,2025-03-29 23:57:33,Sydney,149.242.32.37,computer,in-person,1,0
202,229,102.85,2025-02-12 12:37:47,Cluj,94.183.134.250,computer,in-person,1,0
203,109,1283.35,2024-09-17 10:46:02,Slatina,230.130.73.161,laptop,online,3,0
204,218,1276.01,2024-08-23 03:21:13,Constanta,24.209.28.227,laptop,online,1,0
205,233,1180.45,2024-11-21 00:57:43,Bucharest,217.185.24.160,phone,in-person,2,0
206,26,2838.61,2024-07-05 02:02:50,Bucharest,32.71.37.18,phone,online,2,0
207,97,1204.76,2024-07-26 12:17:02,Paris,121.12.133.209,laptop,online,1,0
208,226,2516.28,2025-02-11 03:29:26,Constanta,78.170.235.23,computer,online,0,0
209,93,1690.29,2024-05-25 21:30:37,Craiova,35.6.237.140,laptop,in-person,1,0
210,63,1955.08,2025-01-24 08:25:40,Los Angeles,216.10.131.197,computer,in-person,7,0
211,199,1918.11,2024-11-12 17:23:12,Paris,44.236.207.97,phone,in-person,3,0
212,119,930.23,2024-05-26 01:19:48,Los Angeles,233.205.229.10,phone,online,4,0
213,60,1934.21,2024-12-18 14:02:01,Tokyo,26.64.194.246,phone,in-person,1,0
214,243,2797.77,2024-10-30 03:03:55,Craiova,143.38.68.78,laptop,online,2,0
215,225,87.45,2025-03-13 08:30:34,London,87.37.77.60,phone,online,1,0
216,206,462.03,2025-01-25 18:42:35,Tokyo,68.201.93.239,laptop,online,3,0
217,38,513.15,2024-06-05 07:02:25,London,134.161.238.171,phone,online,4,0
218,152,1950.55,2024-09-02 00:35:11,Slatina,239.244.112.132,laptop,in-person,3,0
219,105,316.43,2025-03-04 17:00:06,Craiova,130.13.11.162,phone,online,4,0
220,141,2048.02,2024-07-08 02:19:15,Chicago,235.177.159.6,computer,in-person,2,1
221,211,303.89,2025-03-31 00:06:00,Sydney,73.133.187.11,phone,online,3,0
222,182,1051.07,2024-09-16 10:47:03,Bucharest,204.20.88.111,phone,in-person,4,0
223,94,38.93,2024-09-13 01:28:06,Paris,215.179.45.106,computer,in-person,4,0
224,247,1542.79,2024-07-23 02:07:32,Berlin,127.73.74.223,laptop,in-person,4,0
225,2,528.06,2025-03-12 02:03:00,Slatina,22.231.109.222,laptop,online,0,0
226,26,380.54,2025-05-05 20:55:34,New York,134.156.67.241,laptop,online,1,0
227,193,1966.76,2025-02-18 04:45:47,Miami,27.222.31.18,phone,in-person,3,0
228,188,963.84,2024-08-18 08:10:02,Craiova,72.79.199.25,computer,online,2,0
229,27,2834.88,2024-09-05 07:01:29,Berlin,27.201.4.53,laptop,online,0,0
230,57,2576.74,2024-12-23 13:44:41,Constanta,192.187.202.93,computer,online,3,0
231,123,499.18,2025-01-09 10:31:52,Chicago,242.104.244.65,laptop,online,2,0
232,141,1499.16,2025-01-30 05:27:38,Miami,39.149.104.83,phone,online,2,0
233,219,511.97,2024-11-02 17:05:46,Cluj,108.247.244.203,computer,in-person,2,0
234,24,1547.97,2024-11-21 08:46:41,Miami,60.126.35.48,computer,online,1,0
235,189,1237.99,2025-05-20 04:54:31,Cluj,216.104.63.129,computer,online,0,0
236,119,1323.52,2024-09-02 22:12:31,Berlin,71.183.149.18,phone,online,2,0
237,96,2597.44,2025-05-09 02:52:51,Craiova,193.236.72.16,computer,in-person,5,0
238,78,1487.66,2025-03-05 07:30:05,Bucharest,26.2.160.153,phone,in-person,2,0
239,118,487.73,2025-04-30 03:48:46,Chicago,49.254.103.1,computer,online,2,0
240,70,171.3,2025-02-05 03:15:41,New York,132.156.250.242,computer,in-person,3,0
241,177,950.32,2024-09-22 13:03:31,Los Angeles,237.231.229.4,laptop,online,2,0
242,193,2479.55,2024-11-13 01:42:12,Paris,214.33.80.124,phone,in-person,2,1
243,75,30.52,2025-04-20 18:21:57,Sydney,1.235.178.114,laptop,in-person,2,0
244,160,765.31,2024-10-19 22:34:05,Miami,52.31.125.98,laptop,in-person,1,0
245,67,2015.49,2024-09-25 22:02:06,Chicago,229.160.7.80,laptop,online,2,0
246,171,1035.03,2024-07-16 04:17:46,Chicago,59.220.128.221,computer,online,2,0
247,63,2154.47,2024-07-05 19:08:40,Tokyo,9.2.43.209,phone,in-person,2,0
248,148,1404.1,2025-01-16 19:06:08,Miami,211.39.194.231,laptop,in-person,1,0
249,128,941.51,2024-12-18 10:56:13,Los Angeles,132.75.145.191,phone,online,1,0
250,50,1110.16,2024-09-06 07:15:22,Cluj,41.254.18.200,computer,in-person,0,0
251,123,2930.58,2024-09-06 04:26:15,New York,184.178.4.233,phone,in-person,0,0
252,180,1775.09,2024-08-04 16:10:22,Los Angeles,182.216.124.155,computer,in-person,5,0
253,61,267.66,2025-03-26 06:41:55,Bucharest,236.188.148.156,laptop,online,0,0
254,16,2382.98,2025-01-10 04:07:15,Craiova,131.20.99.7,computer,in-person,1,0
255,118,1733.71,2024-08-24 10:44:20,Bucharest,2.123.234.253,phone,in-person,4,0
256,99,1965.9,2024-07-02 00:33:07,Craiova,220.195.126.2,phone,online,4,0
257,236,187.79,2024-06-24 13:18:57,Miami,248.50.118.5,laptop,online,2,0
258,18,606.54,2025-04-04 07:46:14,Slatina,245.204.108.102,computer,in-person,0,0
259,141,468.64,2024-12-24 07:50:46,Chicago,105.80.79.146,laptop,online,1,0
260,143,2288.38,2024-06-18 13:14:34,Cluj,116.141.64.245,laptop,in-person,1,0
261,238,804.99,2024-09-26 00:23:30,Cluj,90.230.64.61,laptop,online,3,0
262,1,2922.08,2024-07-14 22:38:55,Miami,161.220.118.72,phone,online,3,0
263,156,2134.3,2025-01-13 08:55:21,London,214.172.9.41,phone,online,3,0
264,40,2748.84,2025-01-04 01:24:14,Berlin,194.92.213.233,computer,online,2,0
265,132,785.04,2024-08-30 05:43:41,Craiova,19.86.154.76,laptop,online,1,0
266,146,2399.76,2025-01-16 05:52:14,Sydney,244.149.164.244,computer,in-person,3,0
267,237,798.93,2025-05-19 00:22:29,Slatina,224.18.40.209,laptop,in-person,3,0
268,90,2403.09,2024-09-26 06:03:54,Berlin,122.248.0.207,laptop,in-person,2,0
269,175,484.44,2024-12-17 21:33:06,Miami,196.227.146.84,laptop,online,2,0
270,45,376.98,2025-05-08 18:03:59,Los Angeles,57.183.136.229,computer,online,2,0
271,203,2428.05,2024-12-26 05:58:32,Constanta,86.38.126.138,laptop,online,3,0
272,163,2963.19,2025-04-08 02:52:18,Miami,49.227.179.87,laptop,in-person,3,1
273,105,1132.24,2025-03-09 14:04:13,Constanta,84.215.47.69,computer,in-person,2,0
274,81,1272.88,2024-09-01 23:34:19,London,40.31.96.1,computer,in-person,0,0
275,77,2318.65,2024-08-30 00:07:25,Los Angeles,158.107.97.195,phone,in-person,2,0
276,79,1928.21,2025-03-03 15:02:58,Tokyo,222.253.97.5,laptop,in-person,0,0
277,151,1177.22,2024-06-17 09:12:55,Miami,110.147.100.102,phone,online,9,0
278,10,760.96,2024-06-24 18:04:05,Miami,129.247.74.69,phone,online,1,0
279,157,388.18,2024-07-03 09:57:43,Sydney,214.132.173.127,computer,online,1,0
280,97,1744.81,2025-04-13 14:02:05,Craiova,4.134.172.10,computer,in-person,4,0
281,209,346.04,2024-11-28 19:38:27,Bucharest,163.114.133.74,phone,in-person,0,0
282,126,2624.61,2024-08-05 02:52:27,Tokyo,66.82.21.51,laptop,online,4,0
283,189,502.82,2025-03-02 11:18:20,Constanta,77.151.28.49,phone,in-person,2,0
284,249,219.35,2024-12-06 20:38:53,Tokyo,23.23.205.200,computer,online,3,0
285,128,764.62,2024-09-15 18:14:02,Constanta,32.14.36.151,laptop,in-person,0,0
286,244,1482.65,2024-09-04 18:29:54,Chicago,44.63.173.202,computer,in-person,0,0
287,174,151.41,2024-08-16 14:03:12,Cluj,254.35.142.77,phone,online,3,0
288,8,465.5,2024-11-16 14:24:00,Sydney,165.238.117.110,phone,online,3,0
289,154,2950.73,2025-03-04 11:50:44,Cluj,216.145.141.51,computer,online,1,0
290,78,663.91,2025-05-17 03:43:06,Craiova,32.123.43.69,laptop,in-person,2,0
291,124,1879.79,2024-07-19 17:09:02,Chicago,252.150.90.225,phone,online,1,0
292,166,2782.27,2025-03-30 02:48:09,Los Angeles,52.169.205.242,laptop,online,2,0
293,172,33.16,2025-05-01 08:35:04,Tokyo,234.234.188.30,laptop,in-person,0,0
294,227,1891.21,2024-07-05 23:58:45,Constanta,209.36.215.122,computer,online,1,0
295,105,247.48,2025-04-08 15:10:16,London,162.84.205.220,computer,online,3,0
296,6,1481.41,2024-11-16 02:10:43,New York,48.97.209.167,laptop,in-person,3,0
297,177,2743.13,2024-05-29 19:06:25,Berlin,225.117.75.68,laptop,in-person,1,0
298,229,2819.95,2024-09-12 11:07:14,Chicago,114.191.105.111,computer,online,2,0
299,71,2894.17,2024-09-08 02:27:01,Paris,191.219.211.145,phone,online,2,0
300,201,668.03,2024-08-01 00:18:10,London,250.79.1.171,computer,online,2,0
301,167,2043.88,2024-06-05 18:28:17,Miami,9.97.42.78,phone,online,4,0
302,108,1759.18,2025-02-21 04:54:55,Tokyo,83.197.20.193,computer,in-person,0,0
303,226,734.24,2025-01-22 09:10:19,Tokyo,194.63.174.182,computer,in-person,0,0
304,226,2204.28,2025-05-09 00:30:50,Tokyo,19.241.209.193,phone,online,1,0
305,223,1388.88,2025-05-03 08:13:44,Cluj,111.27.243.125,phone,in-person,0,0
306,62,729.55,2024-10-24 01:57:14,Sydney,211.217.121.198,computer,online,3,0
307,178,899.03,2025-01-08 20:20:36,Tokyo,174.107.41.174,computer,in-person,1,0
308,65,2626.4,2025-05-20 17:19:14,Tokyo,250.210.68.169,phone,in-person,1,0
309,142,2560.91,2025-04-18 21:58:13,Slatina,35.51.66.81,phone,in-person,1,0
310,233,2505.21,2024-08-30 19:23:39,London,79.204.72.211,computer,online,2,0
311,178,821.67,2024-08-03 02:54:14,Constanta,105.111.31.34,phone,online,5,0
312,243,489.25,2024-08-31 14:10:35,Paris,77.6.58.246,computer,online,2,0
313,43,2497.54,2024-10-12 11:46:55,Bucharest,127.253.65.229,laptop,online,2,0
314,177,107.97,2024-08-31 15:27:28,London,79.194.227.20,phone,in-person,1,0
315,33,1247.46,2024-09-09 22:29:21,Paris,75.95.33.167,computer,in-person,2,0
316,150,479.46,2025-04-06 02:31:32,London,60.231.144.233,computer,online,1,0
317,142,2519.92,2024-06-06 08:56:37,Paris,170.14.30.17,laptop,online,1,1
318,210,2186.85,2025-02-08 15:14:22,Berlin,76.244.79.209,laptop,online,0,0
319,22,2104.44,2025-04-28 01:32:15,Sydney,85.138.45.192,phone,in-person,9,0
320,142,520.57,2025-01-03 05:33:22,Craiova,239.152.127.197,laptop,online,5,0
321,99,2050.22,2025-01-03 02:14:53,New York,170.162.225.8,computer,in-person,5,0
322,83,678.08,2024-08-18 15:14:31,Slatina,154.153.247.73,laptop,in-person,1,0
323,16,518.31,2025-01-30 17:02:20,Bucharest,4.11.100.194,computer,in-person,3,0
324,14,2896.52,2024-06-11 17:46:25,Los Angeles,81.175.130.133,laptop,online,0,0
325,153,540.02,2025-01-23 15:39:51,Berlin,115.6.78.128,phone,in-person,3,0
326,80,190.41,2024-06-06 13:47:28,Tokyo,87.220.239.49,laptop,in-person,0,0
327,242,1334.6,2024-12-24 06:24:59,Paris,106.114.150.27,computer,online,0,0
328,229,745.91,2025-03-09 19:07:15,Constanta,131.50.100.61,computer,online,2,0
329,143,2832.45,2025-04-02 17:04:21,London,202.3.127.20,phone,in-person,1,0
330,182,2373.81,2025-01-18 09:49:10,Bucharest,151.184.250.178,computer,in-person,1,0
331,121,1057.73,2025-02-12 03:21:34,Chicago,240.192.129.189,computer,in-person,3,0
332,45,2282.91,2025-05-08 10:55:50,Berlin,22.85.28.120,computer,online,2,0
333,54,1402.37,2024-08-05 04:15:17,Paris,157.41.249.186,computer,in-person,3,0
334,127,556.28,2025-02-11 10:51:38,Miami,127.11.164.250,phone,in-person,3,0
335,211,1305.48,2025-04-07 11:06:46,Miami,187.172.182.12,laptop,in-person,2,0
336,240,1205.6,2025-03-26 07:31:39,Sydney,245.213.149.235,computer,in-person,4,0
337,152,938.14,2025-05-21 04:48:34,Los Angeles,175.211.31.38,computer,online,2,0
338,62,1990.61,2024-09-24 06:40:53,Slatina,228.74.239.6,computer,in-person,2,0
339,45,2781.43,2025-03-14 12:26:59,Constanta,134.224.5.242,laptop,online,3,0
340,99,2614.56,2024-07-28 22:33:42,Paris,220.227.143.61,laptop,in-person,2,0
341,90,2739.74,2024-08-28 15:59:01,Slatina,92.71.1.210,computer,in-person,3,0
342,196,2006.82,2025-03-20 16:20:26,Cluj,82.128.96.160,computer,online,3,0
343,146,2793.99,2025-02-13 18:51:00,Cluj,91.11.183.203,computer,in-person,1,1
344,9,95.74,2025-01-21 08:08:07,Craiova,244.88.155.33,computer,in-person,3,0
345,46,2716.2,2024-11-11 05:48:50,Cluj,43.122.250.88,computer,in-person,2,0
346,46,1406.53,2024-07-16 09:03:51,Bucharest,64.84.135.91,computer,in-person,0,0
347,15,2071.19,2024-06-24 16:22:32,Los Angeles,14.128.196.46,phone,in-person,2,0
348,137,447.8,2025-01-15 09:22:13,Tokyo,89.71.6.237,laptop,in-person,2,0
349,97,1350.23,2024-07-12 03:35:50,Miami,25.182.195.233,phone,online,2,0
350,81,604.21,2025-05-20 11:03:26,Los Angeles,20.5.235.135,computer,online,5,0
351,190,875.76,2024-06-15 01:46:19,Los Angeles,122.82.234.151,computer,in-person,4,0
352,30,2913.1,2025-03-26 07:48:33,Slatina,62.50.207.57,computer,in-person,2,0
353,58,518.39,2024-11-17 11:56:05,New York,103.156.80.4,laptop,in-person,2,0
354,7,2605.84,2024-11-26 01:35:26,Miami,190.236.246.220,phone,in-person,0,1
355,115,29.78,2024-08-16 08:15:17,Tokyo,204.25.242.248,computer,in-person,1,0
356,8,1222.03,2025-03-03 21:17:18,Berlin,214.204.70.62,phone,online,7,0
357,172,2831.13,2025-02-07 23:57:35,Bucharest,199.197.39.30,laptop,in-person,4,0
358,35,301.98,2025-01-06 05:41:58,Los Angeles,110.64.197.202,phone,in-person,1,0
359,24,2510.9,2024-06-20 06:26:43,Craiova,228.110.119.206,laptop,online,3,0
360,210,1875.2,2024-08-27 13:51:29,Paris,214.103.193.54,computer,in-person,2,0
361,220,865.54,2024-09-27 13:35:34,Paris,24.57.84.109,computer,in-person,0,0
362,48,1270.02,2024-08-01 18:41:04,Tokyo,15.161.0.117,computer,online,1,0
363,109,1566.33,2024-10-12 18:20:34,Los Angeles,188.46.233.25,laptop,in-person,1,0
364,72,2999.59,2024-07-20 10:07:33,Paris,116.121.51.253,computer,in-person,3,0
365,107,23.74,2025-04-26 21:34:21,Berlin,122.198.71.84,phone,online,3,0
366,76,2171.07,2025-02-03 19:50:12,Constanta,10.100.1.119,computer,in-person,0,0
367,103,284.44,2024-07-22 10:52:39,Paris,139.37.133.6,phone,online,4,0
368,245,660.7,2024-11-23 14:26:32,Craiova,228.48.241.104,laptop,online,1,0
369,132,328.66,2024-12-21 01:28:56,Slatina,251.84.70.87,phone,in-person,0,0
370,94,1868.99,2024-10-21 19:50:49,Los Angeles,39.94.93.208,computer,online,3,0
371,52,1543.5,2024-09-10 06:28:28,Chicago,170.98.183.242,laptop,in-person,5,0
372,195,2216.7,2024-08-13 11:48:34,Sydney,94.161.113.88,laptop,online,4,0
373,175,2663.16,2024-09-24 12:33:06,Miami,118.198.173.217,laptop,in-person,2,0
374,238,956.14,2024-08-11 13:16:16,Constanta,102.109.114.94,computer,in-person,1,0
375,219,1128.21,2024-11-01 06:59:25,Miami,236.164.129.12,computer,online,1,0
376,238,2235.86,2024-08-22 03:53:49,Slatina,83.135.161.157,computer,in-person,2,0
377,31,2963.56,2025-03-29 08:52:00,Paris,196.82.92.124,laptop,online,2,0
378,114,2294.33,2024-07-06 18:45:37,Los Angeles,145.225.93.23,computer,in-person,1,0
379,212,1721.2,2025-04-01 22:31:05,Slatina,17.149.232.46,laptop,online,3,0
380,230,326.01,2024-12-09 15:32:30,Chicago,62.249.17.76,computer,online,6,0
381,218,1916.4,2024-10-06 22:13:40,Constanta,62.107.237.205,laptop,in-person,2,0
382,143,1156.21,2025-03-15 16:33:14,Craiova,10.184.218.160,laptop,in-person,2,0
383,81,1887.65,2025-04-15 18:29:22,Bucharest,9.246.244.66,phone,online,1,0
384,81,1482.76,2025-01-06 13:47:52,London,209.34.11.77,laptop,online,3,0
385,68,407.67,2025-02-12 02:01:48,Chicago,35.140.51.1,laptop,in-person,3,0
386,225,1326.58,2024-07-11 13:25:48,Tokyo,180.70.151.246,phone,online,0,0
387,225,2585.21,2025-05-14 10:44:06,Craiova,160.7.123.152,laptop,online,4,0
388,17,2099.8,2024-09-26 17:48:37,Tokyo,32.27.173.146,phone,online,1,0
389,231,2131.96,2025-02-08 19:12:08,New York,2.153.222.162,laptop,in-person,0,0
390,146,535.72,2024-08-05 17:22:43,Constanta,137.197.67.214,laptop,in-person,2,0
391,133,1585.11,2024-05-27 10:06:36,Tokyo,207.216.34.216,laptop,online,1,0
392,143,2419.12,2025-01-21 07:55:00,London,70.240.224.45,phone,in-person,3,0
393,162,1675.6,2024-07-03 11:46:56,Tokyo,178.247.60.72,laptop,in-person,1,0
394,183,2151.57,2025-01-06 00:44:09,Los Angeles,124.74.184.243,computer,online,1,0
395,113,971.26,2024-10-16 12:45:15,Tokyo,133.172.197.249,laptop,online,1,0
396,214,2794.72,2024-10-16 12:36:29,New York,235.48.68.145,phone,online,5,0
397,236,1092.83,2025-01-05 01:45:06,London,237.201.168.240,computer,online,4,0
398,162,725.26,2024-10-09 04:17:44,Paris,45.15.139.209,computer,in-person,5,0
399,103,2641.97,2024-12-22 21:36:48,Slatina,19.170.126.159,phone,in-person,2,0
400,6,551.08,2024-09-10 11:19:49,London,120.15.100.250,laptop,online,1,0
401,117,1421.91,2024-12-07 09:20:31,Miami,43.213.65.101,phone,online,2,0
402,84,1823.28,2025-02-05 19:11:41,Bucharest,178.220.253.214,laptop,in-person,1,0
403,238,2648.26,2024-05-29 05:35:10,Berlin,229.82.160.73,computer,online,3,0
404,186,417.07,2025-01-23 15:59:40,Los Angeles,215.253.14.234,computer,online,4,0
405,108,1492.15,2024-10-06 02:30:59,Cluj,205.223.254.241,phone,in-person,2,0
406,40,2267.67,2024-07-16 02:53:50,Cluj,106.218.246.155,phone,online,4,0
407,134,2004.56,2025-01-16 06:34:59,Miami,51.99.206.236,computer,online,3,0
408,62,618.79,2025-03-21 00:06:52,Constanta,9.74.219.215,laptop,online,3,0
409,117,2670.1,2024-10-15 12:41:54,Bucharest,236.6.233.190,laptop,in-person,2,0
410,89,660.59,2024-08-23 09:49:32,Slatina,14.91.55.30,laptop,online,0,0
411,35,1571.42,2024-11-04 05:15:27,Paris,125.99.240.209,laptop,in-person,4,0
412,240,348.37,2024-07-15 13:48:13,Bucharest,32.97.16.223,computer,online,1,0
413,168,552.23,2025-05-19 18:14:52,London,130.206.144.3,phone,online,0,0
414,84,1237.76,2024-08-25 11:41:20,Tokyo,115.137.235.47,computer,online,1,0
415,239,1510.26,2024-06-17 06:45:17,Berlin,73.231.73.198,phone,online,3,0
416,52,799.41,2024-10-26 18:02:31,Los Angeles,161.231.64.106,computer,in-person,3,0
417,38,171.92,2024-10-21 15:21:49,Bucharest,40.232.216.196,phone,in-person,2,0
418,182,2978.42,2024-10-20 19:34:32,Los Angeles,66.64.0.209,computer,online,6,0
419,43,1378.95,2024-06-09 03:58:30,Sydney,63.22.37.229,laptop,online,3,0
420,185,1475.5,2025-03-14 11:43:04,Tokyo,47.46.34.187,phone,online,2,0
421,4,1588.68,2024-06-02 11:57:44,New York,68.232.198.80,computer,online,3,0
422,65,1956.23,2025-04-20 14:26:13,Slatina,21.18.11.204,phone,in-person,1,0
423,60,415.39,2025-01-27 13:28:43,Chicago,117.177.124.177,computer,in-person,3,0
424,216,2766.91,2024-12-06 08:38:17,Cluj,247.185.238.178,phone,online,2,0
425,92,2435.14,2025-04-04 22:36:07,Craiova,75.13.242.129,computer,online,2,0
426,206,377.56,2024-10-31 23:48:20,Craiova,202.178.57.152,laptop,online,3,0
427,249,451.74,2024-11-26 08:11:07,Berlin,166.43.205.254,computer,online,5,0
428,58,2795.34,2024-09-01 11:04:03,Cluj,94.96.225.223,laptop,online,1,0
429,221,162.9,2024-07-17 15:53:52,Cluj,116.207.1.61,phone,online,3,0
430,109,525.67,2024-10-05 06:35:39,Sydney,142.111.92.221,computer,in-person,6,0
431,33,1589.57,2025-01-08 20:53:25,Berlin,23.99.158.148,computer,in-person,1,0
432,129,2867.18,2025-01-14 14:28:44,Slatina,16.45.130.192,computer,online,1,0
433,139,21.57,2024-11-22 04:58:34,Paris,170.72.205.97,computer,online,3,0
434,225,298.95,2024-08-01 23:04:33,Los Angeles,146.217.52.160,phone,in-person,2,1
435,35,2103.32,2025-03-26 15:49:21,Miami,150.232.72.219,computer,online,2,0
436,72,864.09,2025-01-21 07:59:43,Berlin,137.98.30.126,phone,in-person,1,0
437,65,2388.73,2025-03-23 15:36:36,Los Angeles,113.120.242.135,phone,online,1,0
438,202,2978.3,2025-04-16 22:18:01,Cluj,176.174.133.201,computer,online,2,0
439,170,2218.77,2025-02-15 10:56:13,London,95.175.157.223,laptop,in-person,4,0
440,83,2547.21,2024-07-02 21:28:25,Craiova,7.110.182.161,computer,online,2,0
441,50,2704.88,2024-12-16 07:13:45,Tokyo,212.240.236.227,laptop,online,4,0
442,27,2085.9,2024-06-28 19:49:17,Cluj,32.92.147.45,computer,online,1,1
443,220,2382.59,2025-01-29 03:22:20,Chicago,81.154.108.253,laptop,online,2,0
444,202,2047.18,2024-06-28 00:04:41,Constanta,181.198.97.185,laptop,in-person,3,0
445,163,1875.88,2025-03-04 22:47:55,Constanta,73.10.76.82,phone,in-person,3,0
446,13,387.28,2024-05-28 21:58:17,London,90.161.53.140,computer,in-person,1,0
447,19,2799.79,2024-12-22 07:43:23,Constanta,120.91.18.77,phone,online,1,0
448,17,1532.77,2025-02-17 11:59:06,Chicago,251.36.137.195,phone,in-person,4,0
449,64,444.98,2025-04-20 00:50:40,Constanta,97.2.70.14,phone,online,0,0
450,247,1495.43,2024-10-13 18:29:07,Tokyo,214.225.27.17,phone,online,4,0
451,138,1965.16,2024-08-03 17:50:56,Bucharest,94.201.138.199,computer,in-person,4,0
452,68,2499.13,2025-03-11 08:08:16,Constanta,6.61.28.180,phone,in-person,2,0
453,5,496.32,2025-04-29 11:21:32,Chicago,198.146.55.98,phone,online,4,0
454,202,2733.93,2024-07-28 13:40:02,New York,160.39.86.199,phone,in-person,4,0
455,23,688.87,2025-01-24 06:53:20,Cluj,231.232.8.108,laptop,online,4,0
456,61,2503.55,2024-08-21 10:09:09,New York,12.247.43.240,phone,in-person,1,0
457,16,1405.22,2024-07-24 15:39:33,Craiova,27.241.141.139,computer,in-person,1,0
458,248,1144.95,2024-11-14 08:08:45,Cluj,117.100.84.33,phone,online,2,0
459,233,2630.07,2024-11-17 15:31:49,Craiova,99.200.150.218,phone,in-person,1,0
460,96,1193.88,2025-03-08 10:15:01,Miami,103.89.6.174,laptop,online,2,0
461,74,2280.68,2025-04-21 02:39:57,Chicago,138.177.118.92,phone,in-person,1,0
462,189,1668.86,2025-04-10 14:16:22,Cluj,125.15.5.203,computer,online,3,0
463,126,482.07,2024-10-08 05:51:37,Chicago,186.91.146.167,laptop,online,1,0
464,92,219.7,2025-04-03 10:06:37,Los Angeles,181.194.164.151,computer,online,1,0
465,109,1571.5,2025-05-10 03:27:47,Cluj,71.112.230.157,laptop,in-person,1,0
466,72,1036.06,2024-09-09 09:48:18,Sydney,163.141.116.153,computer,in-person,6,0
467,211,2338.24,2025-04-09 13:31:07,Berlin,111.188.65.234,computer,online,1,0
468,64,2702.89,2024-08-29 08:29:58,Craiova,32.117.154.22,laptop,online,6,0
469,96,327.23,2024-05-23 08:00:41,Paris,192.187.163.158,computer,online,0,0
470,183,885.71,2025-04-22 13:23:08,Constanta,213.163.237.23,laptop,online,1,0
471,218,328.16,2024-12-21 09:33:31,Slatina,161.239.118.34,computer,in-person,2,0
472,51,790.89,2025-01-29 00:10:41,Paris,128.22.171.60,laptop,in-person,1,0
473,33,916.4,2024-08-10 01:42:00,Los Angeles,184.99.190.164,computer,in-person,2,0
474,39,2331.49,2024-10-10 04:14:45,Slatina,133.43.79.201,phone,online,2,0
475,127,1690.64,2024-06-20 22:00:44,Miami,148.148.118.229,computer,in-person,1,0
476,115,2675.65,2024-06-25 06:03:13,Craiova,160.5.106.64,phone,online,3,0
477,73,914.92,2024-10-29 22:49:24,New York,94.7.101.63,computer,online,3,0
478,249,2335.97,2025-04-20 08:02:20,Los Angeles,154.139.103.137,phone,in-person,1,0
479,8,373.47,2024-11-02 22:27:44,Sydney,133.10.20.53,laptop,in-person,2,0
480,167,354.15,2025-05-06 19:37:48,Craiova,175.223.185.251,laptop,in-person,3,0
481,201,633.7,2024-06-01 07:03:20,Paris,118.147.82.150,laptop,in-person,2,0
482,183,1471.22,2024-08-24 17:27:34,Sydney,132.87.190.148,laptop,in-person,3,0
483,249,2355.64,2024-10-02 23:47:43,Miami,33.11.55.102,phone,online,3,0
484,38,2453.52,2024-11-27 13:41:56,Craiova,92.62.203.108,computer,in-person,1,0
485,143,2021.36,2024-12-05 13:20:45,Berlin,52.116.84.209,computer,in-person,1,0
486,21,1003.92,2025-05-05 08:48:23,Tokyo,225.19.60.86,phone,online,3,0
487,205,2327.02,2025-02-13 08:23:12,Slatina,35.248.112.26,phone,online,0,0
488,206,2357.31,2025-01-12 12:09:19,Craiova,1.57.204.71,computer,online,0,0
489,164,1074.65,2024-07-22 12:43:42,Paris,10.12.13.17,laptop,online,3,0
490,160,1653.92,2024-06-11 11:20:13,Slatina,75.97.83.7,phone,online,2,0
491,216,578.29,2025-04-30 15:55:36,Sydney,111.41.135.247,laptop,in-person,2,0
492,85,1198.78,2024-11-13 19:04:41,Tokyo,228.81.189.231,computer,in-person,2,0
493,39,2789.93,2024-08-06 06:34:11,Paris,40.250.152.148,computer,in-person,2,1
494,175,433.23,2024-10-17 12:20:49,Cluj,161.100.16.236,computer,in-person,0,0
495,43,2682.28,2025-03-02 10:57:09,London,99.174.88.240,phone,in-person,2,1
496,106,1488.97,2025-04-02 17:01:59,Berlin,125.158.147.123,computer,online,2,0
497,97,1663.46,2025-03-04 20:06:04,Los Angeles,198.18.151.192,laptop,in-person,1,0
498,146,407.68,2025-01-03 17:34:09,Bucharest,85.195.154.200,phone,online,4,0
499,84,1983.94,2024-07-30 13:33:40,Berlin,74.75.228.240,phone,in-person,2,0
500,244,364.96,2024-10-23 03:03:13,Berlin,16.248.80.223,computer,in-person,0,0
501,127,1233.66,2024-06-04 06:25:57,Miami,62.83.241.90,phone,online,1,0
502,204,2387.72,2024-10-02 08:24:01,Miami,19.92.73.63,phone,online,0,0
503,235,720.59,2025-05-03 08:04:37,Miami,212.236.253.38,computer,online,2,0
504,124,1760.41,2025-03-24 06:08:19,Cluj,103.58.100.204,computer,in-person,1,0
505,80,1191.49,2024-09-29 20:14:39,Bucharest,158.182.18.253,computer,in-person,3,0
506,45,2821.05,2025-05-15 00:24:47,Miami,196.214.139.193,laptop,online,1,0
507,83,2737.13,2024-09-23 10:12:17,Slatina,238.33.63.62,laptop,online,0,0
508,42,362.38,2025-04-06 07:44:55,Chicago,177.235.39.147,computer,in-person,2,0
509,161,817.23,2024-06-19 01:55:54,Constanta,96.43.116.61,laptop,in-person,3,0
510,166,1430.9,2024-10-06 01:40:29,Slatina,176.44.251.184,phone,online,2,0
511,170,1948.14,2024-10-18 11:42:34,Bucharest,117.246.139.220,laptop,in-person,0,0
512,135,2492.26,2025-02-19 06:26:14,Miami,19.20.170.61,laptop,online,2,0
513,158,2465.51,2025-01-07 04:45:42,Constanta,143.49.40.196,phone,online,3,0
514,133,620.86,2025-02-22 07:35:08,Chicago,249.245.108.62,computer,online,1,0
515,119,984.07,2024-06-17 03:26:53,Sydney,123.9.88.130,phone,online,1,0
516,97,1406.18,2025-03-12 06:35:43,Tokyo,222.34.199.30,laptop,in-person,0,0
517,186,1963.96,2025-01-17 06:15:00,Miami,94.98.216.196,laptop,online,3,0
518,21,819.94,2025-01-29 22:39:11,Chicago,188.32.233.122,computer,online,1,0
519,51,1233.99,2024-10-01 06:41:17,Tokyo,101.162.206.22,phone,in-person,1,0
520,66,690.15,2024-07-20 15:10:35,Chicago,115.41.186.126,computer,online,0,0
521,22,625.06,2025-01-08 20:30:41,Miami,160.151.79.185,laptop,in-person,1,0
522,125,2669.5,2025-01-29 14:24:41,Chicago,145.177.40.211,computer,online,4,0
523,73,654.23,2025-05-06 15:39:39,Sydney,221.88.52.248,computer,online,2,0
524,138,2754.15,2024-08-28 05:15:45,Chicago,115.55.137.165,phone,in-person,2,0
525,89,2073.54,2024-10-02 03:56:47,Sydney,37.249.48.44,phone,in-person,3,0
526,208,2048.99,2025-03-27 16:29:45,Craiova,100.5.202.128,computer,in-person,2,1
527,227,983.64,2025-05-04 14:48:50,Los Angeles,111.20.154.109,laptop,in-person,1,0
528,51,818.88,2025-04-23 15:31:52,Tokyo,101.221.120.32,computer,online,4,0
529,104,1200.61,2024-06-08 02:15:04,Craiova,194.17.99.45,phone,in-person,1,0
530,20,524.89,2025-05-16 17:16:33,Berlin,187.180.23.135,laptop,online,2,0
531,231,2188.31,2025-03-25 08:38:14,Paris,133.251.238.224,computer,in-person,2,0
532,206,2119.95,2025-05-17 01:20:15,Slatina,179.51.193.0,computer,in-person,2,0
533,215,1159.66,2025-03-16 00:25:42,New York,16.215.129.193,laptop,in-person,2,0
534,62,1301.79,2025-04-27 13:12:13,Miami,43.69.123.114,laptop,online,1,0
535,62,2465.76,2024-08-07 12:17:21,Craiova,198.186.11.3,phone,in-person,3,0
536,93,1329.29,2025-02-26 08:34:21,Paris,141.50.158.204,computer,online,3,0
537,123,1542.46,2024-08-05 03:15:19,Miami,145.220.147.33,computer,in-person,1,0
538,172,2426.21,2025-05-04 13:30:24,Chicago,94.243.230.197,computer,online,2,0
539,94,652.17,2024-07-27 17:53:50,Cluj,27.234.245.35,laptop,in-person,3,0
540,188,740.56,2025-01-07 10:01:12,Berlin,111.10.220.75,laptop,in-person,5,0
541,109,354.45,2025-01-04 09:46:54,London,172.81.148.163,phone,in-person,0,0
542,131,750.13,2024-09-09 04:29:34,Cluj,110.94.33.5,computer,online,4,0
543,13,1958.78,2024-08-17 04:14:48,Miami,117.203.211.4,laptop,in-person,4,0
544,18,988.43,2024-11-19 23:57:43,Craiova,23.62.186.40,phone,online,1,0
545,239,2140.4,2024-12-09 16:52:02,Sydney,210.120.232.4,phone,online,1,0
546,105,1526.86,2025-02-08 21:29:22,London,247.147.219.223,computer,online,1,0
547,32,261.51,2024-12-28 11:44:27,Berlin,253.212.178.147,laptop,in-person,1,0
548,217,1723.64,2025-02-13 10:15:42,Cluj,230.159.88.231,phone,in-person,1,0
549,170,49.71,2024-08-17 13:52:46,Cluj,175.196.214.13,laptop,in-person,4,0
550,86,1284.69,2024-11-26 12:06:11,Los Angeles,75.127.25.159,computer,in-person,1,0
551,141,2632.82,2025-04-16 10:53:28,Craiova,39.31.82.68,phone,in-person,2,0
552,231,81.71,2025-01-17 15:13:10,Berlin,74.148.217.239,laptop,online,3,0
553,174,1401.97,2024-06-21 22:23:29,Sydney,224.208.82.177,laptop,online,2,0
554,124,1646.65,2024-12-27 05:56:27,Bucharest,160.59.220.24,laptop,in-person,2,0
555,153,2203.08,2024-06-19 23:09:13,Slatina,126.74.51.40,computer,online,2,0
556,247,2291.7,2025-04-06 17:51:30,Berlin,214.169.30.43,laptop,online,2,0
557,20,2507.85,2025-03-27 13:27:50,Los Angeles,23.182.219.218,phone,online,2,0
558,112,2605.05,2024-07-10 00:51:34,Los Angeles,178.140.65.203,computer,online,2,0
559,108,221.68,2024-07-03 12:53:45,Tokyo,135.79.178.193,computer,online,2,0
560,230,1237.1,2024-07-08 07:14:53,London,196.5.237.227,laptop,online,0,0
561,61,2494.67,2024-11-03 16:49:07,Berlin,101.19.83.226,computer,online,4,0
562,103,2696.41,2024-06-12 10:40:57,Craiova,49.115.75.143,computer,in-person,6,0
563,223,1429.07,2024-10-30 04:09:42,New York,91.61.55.70,computer,in-person,3,0
564,119,1257.52,2025-01-09 03:10:07,Cluj,165.91.111.175,laptop,in-person,1,0
565,169,1525.34,2024-07-23 04:00:24,Slatina,162.24.192.112,phone,in-person,2,0
566,247,2801.81,2024-07-20 06:07:54,Paris,95.45.137.88,computer,online,3,0
567,14,2399.09,2025-04-12 17:43:09,Slatina,146.237.146.242,laptop,online,1,1
568,6,1635.2,2024-11-14 22:58:33,Sydney,216.169.100.170,computer,online,3,0
569,195,2487.71,2024-11-10 11:18:51,Sydney,238.77.148.156,phone,online,0,0
570,31,2175.3,2025-01-10 11:01:51,Sydney,124.79.199.21,phone,in-person,1,0
571,170,1290.66,2024-07-10 18:44:47,Tokyo,163.113.26.35,laptop,online,3,0
572,58,2419.2,2025-05-05 05:08:12,Chicago,84.120.157.253,phone,online,3,1
573,234,2555.4,2024-07-31 09:01:20,Constanta,134.231.64.142,computer,online,4,0
574,112,1578.34,2025-02-23 02:17:41,Constanta,62.26.188.83,phone,in-person,0,0
575,62,2962.43,2025-01-13 22:00:47,Chicago,95.180.52.37,phone,in-person,1,0
576,50,2379.54,2024-12-08 19:57:00,Berlin,154.158.181.246,laptop,in-person,1,0
577,111,1210.77,2025-01-22 17:11:46,Slatina,252.67.82.232,phone,in-person,1,0
578,142,1984.47,2025-03-05 10:44:22,New York,17.115.222.130,laptop,in-person,3,0
579,94,396.28,2025-03-10 13:57:29,Berlin,155.4.125.115,computer,in-person,2,0
580,39,982.35,2024-10-01 16:13:17,Berlin,165.77.160.238,laptop,in-person,2,0
581,48,432.38,2024-05-27 01:03:14,Craiova,181.118.238.167,laptop,online,4,0
582,143,2980.13,2024-06-02 15:35:22,Los Angeles,239.36.12.19,phone,in-person,2,0
583,224,505.45,2024-07-19 18:41:06,Cluj,204.78.118.214,computer,in-person,0,0
584,182,344.35,2025-01-18 19:42:16,New York,251.44.72.6,computer,online,0,0
585,109,402.34,2025-04-12 18:48:20,Slatina,231.174.213.184,computer,online,0,0
586,22,240.78,2024-06-02 01:46:29,Bucharest,127.218.141.215,phone,online,1,0
587,121,1173.34,2025-04-29 08:16:37,Cluj,25.120.145.149,laptop,online,4,0
588,145,309.35,2025-05-19 22:10:03,Berlin,235.25.113.104,laptop,online,0,0
589,113,2413.22,2024-10-17 21:29:38,New York,35.206.117.97,laptop,in-person,3,0
590,235,1518.18,2025-03-24 05:07:30,Bucharest,28.85.166.16,laptop,in-person,0,0
591,78,2204.53,2024-11-19 09:02:59,Berlin,243.150.34.159,computer,online,3,0
592,237,699.3,2025-03-13 23:40:38,Craiova,218.41.246.138,laptop,online,2,0
593,123,1614.23,2024-05-27 07:28:37,Berlin,25.238.196.147,laptop,online,0,0
594,35,386.87,2025-04-22 13:59:12,Bucharest,185.25.200.30,laptop,in-person,2,0
595,160,652.2,2024-08-30 05:01:30,Los Angeles,172.40.208.249,phone,online,2,0
596,143,852.29,2024-06-17 07:37:54,Los Angeles,97.177.227.204,computer,in-person,2,0
597,234,1999.56,2025-01-05 15:13:02,Sydney,252.93.48.37,computer,in-person,2,0
598,104,2051.14,2024-08-16 17:20:40,Miami,112.107.95.160,laptop,in-person,0,0
599,108,2067.48,2024-12-22 00:11:20,Craiova,147.100.50.185,computer,online,0,0
600,241,2109.1,2024-08-06 10:25:48,Constanta,233.196.34.161,computer,online,4,0
601,224,1518.29,2025-03-05 04:07:59,Paris,124.244.67.86,computer,online,2,0
602,140,2023.54,2025-01-07 12:30:41,Tokyo,241.140.44.252,phone,in-person,3,0
603,184,1841.36,2025-04-03 01:21:10,Sydney,54.209.230.66,phone,in-person,2,0
604,242,2168.52,2025-04-25 23:48:59,Los Angeles,107.220.33.210,phone,online,1,1
605,215,2064.58,2024-10-02 11:52:58,London,251.57.1.122,phone,in-person,2,0
606,24,2181.05,2024-08-19 11:36:36,New York,227.25.23.209,phone,online,3,0
607,3,2609.95,2024-08-17 16:58:41,Miami,177.250.251.136,phone,in-person,1,0
608,12,812.58,2024-09-07 18:13:20,London,113.97.250.161,laptop,in-person,2,0
609,48,977.0,2025-04-14 00:15:10,Slatina,130.235.182.108,computer,online,6,0
610,37,1597.65,2024-10-15 04:06:36,Cluj,118.78.185.190,laptop,online,1,0
611,246,1290.59,2024-11-22 10:18:46,Craiova,198.33.194.31,laptop,in-person,4,1
612,172,1483.74,2024-12-12 19:17:55,Constanta,182.207.73.253,laptop,online,1,0
613,34,473.75,2024-10-13 14:19:33,Sydney,10.224.147.230,laptop,in-person,3,0
614,84,1486.12,2024-08-13 18:57:04,Bucharest,222.251.150.34,computer,online,1,0
615,37,469.99,2025-02-04 08:53:06,New York,124.116.225.132,phone,in-person,1,0
616,243,183.77,2025-03-24 03:28:18,Berlin,68.142.151.195,phone,online,4,0
617,117,314.39,2024-12-14 17:52:28,Miami,155.162.139.203,computer,online,1,0
618,4,2424.17,2024-05-22 20:19:37,Paris,72.64.108.215,phone,in-person,1,0
619,29,721.8,2024-07-23 12:27:38,Cluj,171.10.213.201,computer,in-person,3,0
620,186,418.66,2025-01-01 08:29:45,Chicago,54.6.229.71,phone,online,4,0
621,34,1093.23,2025-03-03 17:20:34,Miami,240.211.8.58,phone,online,2,0
622,19,244.69,2024-07-03 14:51:41,Slatina,227.228.55.67,phone,online,3,0
623,180,1249.06,2025-02-17 10:44:17,Bucharest,130.199.109.110,laptop,online,0,0
624,84,601.51,2024-09-02 17:09:24,Sydney,197.143.52.240,phone,in-person,1,0
625,167,292.06,2024-07-07 21:00:56,Slatina,184.15.191.163,laptop,online,2,0
626,14,1965.9,2025-02-17 23:06:45,New York,155.43.184.84,computer,in-person,2,0
627,63,480.14,2025-04-04 07:38:11,Craiova,182.87.98.21,computer,online,4,0
628,100,2410.7,2024-12-16 19:23:00,New York,33.117.231.247,computer,online,4,0
629,25,156.53,2024-12-23 15:50:54,Slatina,38.2.64.207,phone,in-person,2,0
630,154,1991.16,2025-01-09 19:39:20,Slatina,204.172.223.247,computer,online,1,0
631,184,1140.56,2024-10-30 07:02:52,Berlin,14.182.199.206,phone,online,2,0
632,240,542.37,2024-11-18 04:33:26,London,192.175.101.139,laptop,online,1,0
633,203,2335.09,2024-12-18 08:48:03,Chicago,90.35.233.140,laptop,online,4,0
634,53,2782.68,2025-02-28 11:44:03,Tokyo,79.165.161.227,laptop,online,2,0
635,221,2340.35,2025-02-11 07:34:43,Berlin,85.76.140.229,phone,online,3,0
636,187,1843.77,2024-08-22 03:38:48,Paris,203.82.188.99,laptop,online,1,0
637,163,1443.52,2024-06-22 00:22:38,Miami,94.218.3.183,phone,in-person,1,0
638,97,1126.61,2024-06-17 16:25:20,Craiova,160.224.227.14,laptop,in-person,1,0
639,118,2741.73,2024-12-18 07:42:17,Cluj,26.102.133.241,phone,in-person,2,0
640,107,67.12,2024-12-16 09:15:51,Slatina,106.26.116.182,laptop,in-person,2,0
641,41,1114.5,2024-07-29 05:45:24,Chicago,215.156.42.82,phone,online,3,0
642,85,2816.91,2024-11-10 05:32:04,Paris,83.39.92.220,laptop,in-person,3,0
643,75,185.83,2025-03-09 12:41:22,New York,34.61.118.203,laptop,in-person,1,0
644,102,1805.75,2024-07-01 15:11:33,Tokyo,203.229.201.242,laptop,in-person,0,0
645,10,1132.26,2024-07-11 14:55:11,Paris,95.226.4.141,phone,online,3,0
646,35,2068.08,2024-07-18 12:27:03,Miami,145.186.60.140,laptop,in-person,3,0
647,28,1361.18,2025-02-03 00:53:05,Los Angeles,90.82.6.89,phone,online,1,0
648,148,920.23,2024-08-13 02:31:40,Chicago,237.105.127.6,phone,online,3,0
649,235,2048.24,2024-11-10 18:03:23,Sydney,98.21.167.243,laptop,online,3,0
650,14,727.9,2025-01-07 03:02:21,London,82.115.77.223,computer,in-person,1,0
651,206,562.91,2024-12-06 03:57:17,Cluj,114.157.212.62,computer,online,3,0
652,177,1509.17,2025-01-31 18:07:01,Sydney,142.23.82.8,laptop,in-person,3,0
653,208,2198.94,2024-05-31 23:30:59,Craiova,251.6.156.141,computer,online,1,0
654,232,1722.64,2025-02-16 07:39:14,Sydney,32.0.163.142,computer,in-person,2,0
655,69,1212.42,2025-01-29 06:07:30,Paris,5.207.253.3,phone,in-person,3,0
656,86,992.08,2025-03-27 14:56:45,Craiova,101.71.233.23,computer,online,2,0
657,179,2708.55,2025-04-08 16:00:32,Cluj,107.199.57.119,laptop,in-person,1,0
658,110,1775.13,2024-05-26 17:59:17,Berlin,60.251.45.188,laptop,in-person,1,0
659,93,2042.09,2024-08-08 11:03:47,Paris,200.113.173.234,laptop,in-person,0,0
660,228,1820.01,2024-06-09 07:55:20,Los Angeles,211.14.217.154,computer,in-person,3,0
661,71,2644.93,2024-06-21 22:15:14,Chicago,104.57.70.104,laptop,in-person,0,0
662,121,1116.36,2025-02-16 21:08:30,Constanta,195.21.67.22,computer,online,1,0
663,86,1191.11,2025-02-24 22:18:47,Craiova,78.172.113.114,phone,in-person,1,0
664,210,1151.33,2025-05-19 04:27:26,Craiova,247.56.163.22,phone,in-person,4,0
665,74,1726.64,2024-08-11 17:24:35,Tokyo,242.237.208.215,laptop,online,0,0
666,232,1782.4,2025-03-18 06:07:16,Sydney,250.91.120.217,computer,online,1,0
667,225,487.31,2024-06-24 18:51:47,Sydney,86.37.162.42,phone,online,2,0
668,72,2420.66,2025-03-12 03:09:53,Slatina,165.96.234.204,phone,in-person,2,0
669,237,1471.84,2024-05-24 03:33:28,Sydney,42.174.182.93,phone,online,2,0
670,50,920.21,2025-03-01 01:46:00,Miami,81.22.146.167,laptop,in-person,2,0
671,66,68.81,2025-02-10 12:34:59,Cluj,54.32.133.246,laptop,online,1,0
672,176,320.35,2024-06-07 21:28:28,Constanta,127.157.156.181,phone,online,1,0
673,213,2130.23,2024-06-07 06:05:57,Paris,101.128.214.2,phone,in-person,1,0
674,61,2557.62,2025-01-03 17:16:11,Craiova,154.175.23.64,computer,in-person,2,0
675,21,1138.77,2024-11-29 20:29:19,Cluj,216.199.196.171,computer,in-person,1,0
676,74,1494.27,2024-11-30 00:15:12,Miami,43.98.126.8,phone,online,2,0
677,147,297.5,2025-02-16 09:25:36,Los Angeles,252.234.147.24,computer,online,2,0
678,89,233.57,2024-11-28 04:16:38,London,35.236.54.145,phone,in-person,4,0
679,177,758.26,2024-09-17 10:05:09,Miami,84.70.146.103,phone,online,1,0
680,44,414.87,2024-08-01 13:53:59,Constanta,189.240.43.142,laptop,in-person,3,0
681,87,2690.32,2024-07-19 05:18:03,Miami,18.84.98.14,laptop,online,2,1
682,195,1567.22,2024-08-15 10:03:00,Tokyo,8.173.102.22,computer,online,1,0
683,193,71.03,2024-07-22 21:00:13,Berlin,192.183.154.146,computer,in-person,2,0
684,183,2057.53,2024-09-19 15:59:17,Tokyo,84.145.158.169,laptop,online,1,0
685,209,2338.43,2024-07-11 22:04:39,Miami,47.185.107.131,computer,in-person,3,0
686,96,2901.06,2024-08-22 21:51:43,Tokyo,35.108.241.65,laptop,online,1,0
687,161,1103.39,2024-11-19 20:10:02,Tokyo,131.118.132.241,computer,online,1,0
688,195,340.78,2025-04-21 15:49:28,Los Angeles,75.215.161.113,laptop,online,3,0
689,9,140.02,2024-06-15 14:55:04,Bucharest,55.231.126.177,laptop,online,1,0
690,92,2951.26,2025-01-12 23:13:52,Miami,229.181.148.210,laptop,online,0,0
691,149,1594.06,2025-04-21 18:00:17,Miami,214.179.142.175,laptop,online,3,0
692,78,1813.61,2024-07-04 20:34:01,Cluj,19.138.127.66,phone,in-person,1,0
693,70,271.03,2025-05-14 11:47:09,Bucharest,156.87.197.191,computer,online,0,0
694,249,1246.01,2024-07-29 15:00:47,Craiova,98.122.113.232,phone,online,1,0
695,53,2388.91,2025-03-06 10:07:14,London,196.79.160.51,laptop,in-person,2,0
696,238,706.75,2024-09-03 15:22:38,Bucharest,226.183.157.128,computer,online,1,0
697,171,859.12,2025-04-15 01:06:13,Paris,165.63.234.228,laptop,online,1,0
698,188,172.06,2024-10-04 09:32:13,London,0.13.223.115,computer,online,2,0
699,157,1688.68,2024-12-18 04:54:56,New York,69.227.245.51,computer,online,0,0
700,243,1334.0,2024-06-27 20:23:46,Chicago,131.157.22.21,phone,in-person,1,1
701,170,60.74,2024-10-29 03:34:41,Paris,234.143.57.241,computer,online,4,0
702,215,2405.33,2025-04-24 04:22:22,Bucharest,10.36.97.173,laptop,online,1,0
703,142,248.75,2024-06-27 00:41:51,Sydney,43.44.36.207,laptop,in-person,3,0
704,181,116.86,2025-01-09 10:40:22,Cluj,130.217.179.68,laptop,in-person,1,0
705,102,1502.84,2024-09-04 22:18:04,Chicago,58.89.153.248,phone,in-person,1,0
706,176,2662.95,2024-07-03 19:38:20,Sydney,21.199.53.182,phone,online,0,0
707,76,1832.46,2024-07-31 20:21:07,Chicago,15.27.180.23,laptop,in-person,1,0
708,144,497.17,2025-02-21 06:16:20,Paris,38.169.59.160,phone,in-person,2,0
709,20,1206.65,2024-08-03 05:12:09,Tokyo,247.115.93.81,phone,in-person,2,0
710,98,2569.03,2024-07-14 12:10:14,Berlin,232.224.95.140,computer,in-person,3,0
711,75,127.43,2025-04-09 21:20:53,Sydney,213.42.171.32,laptop,online,2,0
712,153,2437.48,2024-09-09 10:04:02,Paris,156.122.179.238,phone,online,1,0
713,90,734.93,2024-10-02 14:31:20,Berlin,41.55.123.52,laptop,online,3,0
714,218,949.31,2024-12-31 17:42:14,Chicago,116.2.89.1,laptop,online,2,0
715,84,1454.91,2024-12-18 00:16:43,Constanta,241.214.55.183,computer,in-person,7,0
716,130,944.35,2024-06-13 08:20:23,Los Angeles,195.145.39.22,computer,in-person,0,0
717,117,357.37,2024-09-28 10:18:58,Bucharest,12.121.122.70,computer,in-person,2,0
718,103,2156.98,2024-09-14 16:54:13,Cluj,166.48.217.170,phone,in-person,1,0
719,153,2250.88,2024-11-21 11:20:41,London,181.235.9.48,phone,online,6,0
720,101,1247.77,2025-01-20 08:34:53,Bucharest,91.240.14.191,computer,online,2,0
721,193,2653.6,2024-10-08 04:03:01,New York,29.251.210.114,phone,in-person,3,0
722,40,1245.2,2025-05-11 20:26:22,Craiova,123.254.164.66,laptop,online,0,0
723,80,2175.38,2025-03-22 11:36:41,Chicago,140.139.107.28,laptop,in-person,0,0
724,243,1892.52,2025-03-30 21:25:55,Cluj,139.8.232.49,computer,in-person,2,0
725,16,2795.99,2025-05-22 07:23:47,Los Angeles,31.136.183.233,phone,in-person,1,0
726,153,491.63,2024-12-01 07:09:57,Bucharest,25.91.61.196,laptop,in-person,1,0
727,194,914.94,2024-10-29 18:30:40,London,233.237.44.193,computer,in-person,0,0
728,177,913.65,2024-07-29 23:20:09,Craiova,11.203.43.71,computer,in-person,3,0
729,119,1025.96,2024-09-18 13:07:04,Miami,203.185.81.127,phone,online,0,0
730,241,1135.34,2024-07-07 14:49:05,London,138.30.211.201,computer,online,2,0
731,64,598.99,2025-01-24 14:01:53,Los Angeles,209.241.157.126,laptop,in-person,3,0
732,13,1066.44,2024-08-20 22:17:03,Craiova,42.112.135.174,laptop,online,2,0
733,196,706.01,2025-03-14 13:11:08,Paris,101.15.172.127,computer,in-person,0,0
734,178,1273.53,2025-03-06 17:40:56,Craiova,24.87.237.171,laptop,online,0,0
735,70,2222.61,2024-07-16 22:12:05,Miami,39.24.95.87,phone,in-person,0,0
736,87,190.43,2025-02-22 13:54:51,Cluj,198.105.72.106,laptop,in-person,2,0
737,54,2008.89,2024-11-21 21:00:40,Paris,254.63.20.115,laptop,online,1,0
738,60,2770.5,2024-07-17 10:18:33,Cluj,85.245.203.185,computer,online,2,0
739,36,1914.23,2024-11-14 09:53:20,Constanta,28.114.213.73,laptop,online,2,0
740,121,591.46,2024-09-18 01:26:16,New York,192.216.200.27,phone,online,1,1
741,203,2801.97,2024-11-13 23:44:02,Los Angeles,67.209.131.131,phone,online,0,0
742,40,2062.05,2024-09-19 12:59:59,Paris,145.101.186.54,laptop,in-person,1,0
743,179,2147.07,2024-08-22 17:32:41,Tokyo,247.212.46.72,phone,online,4,0
744,90,1792.32,2025-04-07 12:38:29,Slatina,190.217.120.89,computer,online,4,0
745,182,1444.86,2024-12-11 10:26:18,London,184.73.163.140,computer,in-person,5,0
746,67,1940.3,2024-06-26 16:58:00,Slatina,80.212.121.190,computer,online,1,0
747,158,1269.27,2024-08-16 20:32:50,Cluj,200.89.196.88,phone,online,2,0
748,169,2931.91,2024-07-19 13:01:49,Tokyo,9.24.243.246,laptop,online,1,0
749,239,1157.99,2025-01-21 07:36:46,Paris,154.125.198.224,computer,in-person,1,0
750,16,2395.92,2025-03-01 12:49:01,Tokyo,221.63.74.36,laptop,online,1,0
751,129,1707.84,2025-04-14 10:33:41,Chicago,138.150.98.228,computer,in-person,0,1
752,95,2872.24,2024-12-08 00:34:54,Chicago,214.23.237.229,laptop,online,2,0
753,4,1338.09,2024-08-13 16:21:46,Slatina,28.89.17.1,computer,online,2,0
754,38,2362.58,2025-03-15 08:30:08,Miami,52.104.96.38,computer,online,3,0
755,95,1149.41,2024-06-21 08:09:24,Constanta,58.58.163.40,laptop,in-person,1,0
756,142,738.85,2025-01-09 22:12:38,London,21.76.106.102,computer,in-person,1,0
757,131,2038.71,2025-02-20 22:38:02,Los Angeles,194.132.144.220,computer,in-person,2,0
758,164,1877.12,2025-02-23 03:26:33,Bucharest,151.64.50.232,laptop,in-person,1,0
759,131,691.76,2025-02-07 17:47:47,Berlin,101.19.62.52,laptop,in-person,3,0
760,48,2867.28,2024-06-29 11:51:59,Tokyo,91.79.182.151,phone,in-person,3,0
761,197,1720.19,2025-03-04 00:31:59,Bucharest,150.107.103.86,computer,online,2,0
762,26,2131.55,2024-12-10 02:46:47,Chicago,15.93.24.53,phone,online,2,0
763,52,1722.25,2024-08-27 11:21:46,Sydney,181.232.69.82,phone,in-person,1,0
764,166,1643.25,2024-12-18 19:20:52,Chicago,174.250.27.73,computer,in-person,7,0
765,155,169.29,2024-07-25 12:35:30,Constanta,131.180.137.13,computer,in-person,1,0
766,6,2386.64,2025-01-11 18:08:59,Los Angeles,220.224.146.114,laptop,in-person,1,0
767,108,167.72,2025-05-17 12:32:51,Bucharest,165.187.220.77,phone,in-person,1,0
768,111,1559.86,2024-07-01 22:23:31,Slatina,66.136.132.192,phone,online,3,0
769,176,723.53,2025-03-29 18:50:40,Constanta,191.99.195.83,laptop,online,1,0
770,38,1472.81,2024-11-13 18:54:55,London,33.55.24.67,phone,online,3,0
771,212,1664.26,2025-01-28 05:13:41,Berlin,30.196.58.22,phone,online,3,0
772,49,587.1,2024-05-28 16:05:58,Craiova,165.1.192.193,phone,online,0,0
773,55,2723.58,2024-06-16 17:36:06,Bucharest,169.139.200.174,phone,online,6,0
774,192,676.36,2025-04-14 16:13:06,Tokyo,235.145.139.235,laptop,online,1,0
775,180,327.54,2025-03-07 00:35:20,London,199.52.62.142,computer,online,3,0
776,42,2929.07,2024-12-22 19:55:19,Paris,76.111.179.222,laptop,online,2,0
777,51,895.08,2025-03-09 10:42:32,Paris,85.43.201.55,computer,online,0,0
778,207,483.82,2025-02-28 14:55:36,Berlin,179.120.45.148,phone,in-person,3,0
779,248,1640.78,2024-08-08 02:01:34,Craiova,147.185.23.11,phone,in-person,1,0
780,108,1048.54,2024-07-01 06:26:46,New York,130.24.53.149,computer,in-person,2,0
781,100,2973.83,2024-08-13 12:59:22,Slatina,232.110.112.3,laptop,in-person,2,0
782,101,303.39,2024-12-07 15:47:38,Chicago,95.187.117.12,laptop,online,1,0
783,45,768.65,2025-01-20 12:13:14,Berlin,90.75.206.61,phone,in-person,1,0
784,117,363.51,2024-09-08 06:04:48,Chicago,93.178.65.204,laptop,online,3,0
785,109,1353.12,2025-02-15 08:49:55,Craiova,191.217.7.133,computer,online,2,1
786,22,2687.79,2025-05-04 17:59:06,Paris,211.71.167.94,phone,in-person,3,0
787,117,887.99,2024-08-20 12:49:44,Cluj,15.238.178.13,laptop,in-person,0,0
788,206,2261.63,2024-12-16 19:43:43,Paris,217.176.50.214,computer,online,4,0
789,49,1642.3,2024-06-18 05:36:21,Miami,39.137.99.236,laptop,in-person,5,0
790,126,739.9,2024-06-13 05:50:16,London,201.5.141.161,computer,in-person,2,0
791,121,237.86,2025-01-28 08:56:57,Tokyo,45.69.120.29,phone,in-person,4,0
792,132,1963.1,2024-11-04 19:25:15,Bucharest,192.244.38.26,laptop,online,0,0
793,239,2148.81,2024-09-04 11:43:48,Slatina,84.68.144.51,phone,in-person,1,0
794,244,1605.61,2025-01-27 00:48:06,Tokyo,96.211.164.1,phone,in-person,1,0
795,60,2913.42,2024-12-11 00:10:51,Tokyo,165.91.198.250,laptop,online,1,0
796,122,770.66,2024-12-11 18:39:38,Tokyo,124.148.151.68,laptop,online,2,0
797,236,232.46,2024-11-03 05:31:22,Tokyo,112.30.124.181,phone,online,4,0
798,205,1785.77,2024-11-08 14:39:09,Cluj,192.106.253.78,laptop,online,3,0
799,114,1159.87,2025-03-01 02:03:40,London,143.9.183.205,phone,in-person,7,0
800,86,1261.32,2025-02-20 05:39:31,Constanta,2.236.25.136,computer,online,0,0
801,21,2247.85,2024-06-22 09:52:55,Miami,204.180.220.133,phone,in-person,1,0
802,249,2973.37,2024-10-14 18:42:02,Miami,84.186.112.81,phone,in-person,3,1
803,184,1161.11,2024-11-13 21:44:58,Los Angeles,8.51.36.154,phone,in-person,1,0
804,122,1472.72,2024-09-15 19:46:20,Slatina,187.143.26.207,computer,in-person,1,0
805,23,98.97,2024-06-27 13:45:47,Cluj,127.233.150.126,computer,in-person,1,0
806,214,2566.46,2025-04-21 23:33:30,Craiova,61.49.170.228,laptop,online,3,0
807,135,1775.31,2025-04-16 14:28:01,Constanta,250.35.147.198,laptop,in-person,2,0
808,140,764.47,2024-07-31 05:39:28,Craiova,0.204.177.163,computer,online,2,0
809,242,1707.18,2024-05-26 03:58:55,Chicago,124.174.93.3,laptop,online,3,0
810,215,150.43,2025-01-25 10:31:24,Craiova,32.145.25.206,computer,online,3,0
811,191,1629.22,2025-03-23 23:38:12,Miami,142.200.44.92,laptop,online,1,0
812,110,69.96,2025-02-03 22:20:22,Tokyo,152.169.218.37,laptop,in-person,1,0
813,112,222.43,2024-05-27 05:10:18,Miami,199.49.253.128,laptop,online,3,0
814,207,1963.7,2024-11-13 22:15:54,Paris,240.158.167.230,laptop,in-person,2,0
815,177,835.84,2024-08-07 01:06:49,Tokyo,182.207.139.117,laptop,in-person,1,0
816,63,2318.76,2025-03-14 23:56:22,Cluj,205.84.142.248,phone,online,0,1
817,102,1283.42,2025-05-19 03:53:56,New York,134.74.7.43,laptop,in-person,1,0
818,45,1584.94,2025-02-24 18:34:13,Slatina,11.34.97.223,laptop,online,2,0
819,34,1209.97,2025-05-02 05:21:56,Miami,176.81.137.192,computer,online,1,0
820,86,2128.09,2025-02-21 02:58:58,London,130.187.132.23,phone,online,2,0
821,2,696.19,2025-05-15 18:40:20,Paris,213.85.99.48,computer,in-person,1,0
822,23,680.47,2024-08-10 23:04:33,Berlin,54.176.104.50,phone,online,5,0
823,21,201.29,2024-10-24 17:22:49,Chicago,106.219.151.105,laptop,online,3,0
824,215,244.13,2025-03-27 18:42:26,Cluj,210.26.145.82,laptop,in-person,1,0
825,61,1809.62,2024-07-13 16:56:20,Chicago,108.180.233.176,phone,in-person,4,0
826,219,1885.21,2025-01-06 05:36:57,Chicago,186.224.42.204,phone,online,1,0
827,154,1118.0,2024-08-25 19:41:05,Tokyo,32.253.235.70,laptop,online,2,0
828,142,977.06,2025-02-03 16:20:41,Miami,28.29.190.127,laptop,online,2,0
829,32,1317.68,2025-02-07 08:26:53,Slatina,55.109.47.70,phone,in-person,4,0
830,244,280.54,2024-08-25 11:51:39,Paris,203.202.141.144,phone,in-person,3,0
831,158,501.91,2024-12-20 21:42:44,Paris,191.42.65.230,phone,in-person,3,0
832,102,1438.57,2025-04-26 17:32:04,Constanta,16.19.197.86,laptop,in-person,2,0
833,122,2520.83,2024-08-21 17:31:05,Constanta,240.222.245.136,laptop,in-person,1,0
834,211,2283.81,2025-02-10 03:27:53,New York,86.47.132.101,laptop,online,0,0
835,17,1654.0,2025-02-21 15:40:11,Sydney,215.5.14.4,phone,in-person,1,0
836,44,617.76,2025-03-22 22:51:22,Paris,46.107.78.204,laptop,online,2,0
837,232,1683.01,2024-06-19 02:57:02,Craiova,76.95.183.145,phone,in-person,2,0
838,143,1762.83,2025-05-21 03:03:02,Constanta,93.211.45.66,computer,online,1,0
839,148,1073.02,2024-12-06 13:19:05,Chicago,183.185.211.226,phone,in-person,1,0
840,105,1428.86,2025-04-22 18:58:33,Constanta,16.157.160.214,phone,in-person,2,0
841,58,2539.95,2024-08-21 22:42:06,Berlin,118.159.245.209,computer,online,0,1
842,95,2756.98,2025-05-06 19:41:51,Slatina,149.26.220.243,computer,online,5,0
843,65,398.74,2025-04-24 05:50:23,Craiova,45.188.35.44,phone,online,1,0
844,162,850.69,2025-04-18 10:08:47,Sydney,147.141.74.135,laptop,online,1,0
845,140,1567.07,2024-08-15 09:40:39,Chicago,34.167.142.189,computer,online,1,0
846,14,1495.37,2024-09-07 09:59:48,London,47.181.32.210,phone,in-person,2,0
847,235,2169.68,2024-12-28 13:09:57,Constanta,235.67.90.244,laptop,online,3,0
848,175,587.82,2024-10-12 08:46:22,Constanta,23.209.84.212,laptop,in-person,2,0
849,210,2610.8,2024-10-10 18:14:49,Cluj,154.169.196.97,phone,online,6,1
850,123,1038.97,2024-09-20 21:10:06,Los Angeles,251.168.247.179,computer,in-person,3,0
851,33,167.8,2024-09-14 14:19:54,Miami,216.118.136.205,phone,in-person,2,0
852,202,571.54,2024-11-23 05:29:20,Chicago,206.237.105.54,laptop,online,2,0
853,8,2074.09,2024-08-12 09:02:03,Miami,196.46.18.56,computer,online,0,0
854,142,2674.92,2024-06-15 17:26:31,Sydney,161.197.158.18,laptop,in-person,4,0
855,177,194.14,2025-02-15 18:33:15,Berlin,100.160.55.231,laptop,online,3,0
856,40,1368.81,2025-05-16 23:06:10,Cluj,171.147.163.214,laptop,in-person,2,0
857,35,1511.82,2025-01-27 09:50:39,Constanta,169.232.236.155,computer,online,1,0
858,244,1198.69,2024-10-05 22:48:04,Bucharest,188.36.120.48,phone,in-person,2,0
859,152,2420.18,2025-04-01 02:21:42,Paris,249.249.168.227,phone,online,4,0
860,239,1966.07,2025-03-03 03:35:16,Paris,30.145.246.107,laptop,in-person,0,0
861,170,1286.92,2025-02-12 03:06:54,Craiova,71.76.11.30,phone,online,1,0
862,226,1035.78,2024-08-12 19:38:48,Bucharest,197.81.234.72,laptop,in-person,2,0
863,50,2643.58,2024-07-21 13:13:09,Bucharest,127.50.187.216,computer,online,0,1
864,62,1011.23,2024-07-29 14:21:58,Sydney,209.136.197.248,laptop,in-person,0,0
865,144,2376.31,2024-09-08 14:11:36,Chicago,55.219.188.139,phone,online,1,0
866,79,562.85,2025-02-13 11:05:06,Chicago,86.58.113.174,phone,in-person,1,0
867,234,728.2,2025-02-20 08:57:46,Bucharest,126.130.43.52,laptop,online,1,0
868,241,2840.41,2024-09-28 14:39:15,Chicago,78.141.148.109,laptop,in-person,1,0
869,39,736.13,2024-10-30 15:53:09,Slatina,100.47.164.203,laptop,in-person,0,0
870,57,2836.26,2024-10-24 13:38:30,Constanta,51.244.232.36,computer,in-person,3,0
871,247,1857.58,2024-11-24 14:51:04,Slatina,5.225.128.110,laptop,online,2,0
872,246,342.8,2024-08-14 22:35:18,Tokyo,201.170.111.91,laptop,in-person,4,0
873,224,2144.46,2024-06-10 16:06:49,Paris,163.49.201.145,computer,in-person,1,0
874,101,2092.6,2025-05-21 17:05:05,Craiova,36.238.77.29,laptop,online,1,0
875,130,1691.33,2024-11-04 10:21:23,New York,138.104.157.41,laptop,in-person,1,0
876,220,773.47,2024-06-01 16:10:01,Bucharest,62.43.228.87,laptop,in-person,3,0
877,213,485.75,2024-06-23 03:21:14,New York,247.180.23.29,laptop,in-person,2,0
878,9,344.81,2025-03-20 17:47:57,Chicago,151.58.105.173,phone,in-person,2,0
879,140,2259.07,2024-12-21 00:40:19,Craiova,90.232.166.110,computer,online,2,0
880,241,641.34,2024-10-10 16:28:04,Paris,254.223.175.108,phone,online,4,0
881,20,2334.26,2024-11-14 15:11:12,Miami,197.17.135.199,laptop,in-person,1,0
882,2,1256.13,2024-08-06 21:28:21,Berlin,124.165.160.11,laptop,online,2,0
883,101,781.22,2024-06-04 06:03:04,Slatina,74.94.182.175,laptop,in-person,0,0
884,14,2591.89,2024-11-24 10:43:37,Bucharest,166.114.78.188,computer,online,3,0
885,94,1283.6,2024-09-23 21:34:43,Slatina,57.161.179.155,phone,online,0,0
886,216,1645.56,2025-05-19 01:42:36,Berlin,116.76.167.212,computer,online,2,0
887,26,2829.14,2024-09-20 23:33:54,Constanta,105.246.238.96,computer,online,0,0
888,97,2029.48,2024-07-10 17:31:59,Chicago,127.63.24.85,computer,online,0,0
889,216,1324.99,2025-04-15 10:23:30,Craiova,243.112.118.128,laptop,online,2,0
890,201,2450.62,2025-02-13 11:12:11,London,151.93.113.93,laptop,online,1,0
891,127,2683.06,2024-06-13 04:23:42,Bucharest,214.225.195.142,phone,online,3,0
892,190,2434.89,2025-04-19 06:40:21,Berlin,207.0.44.97,phone,online,1,1
893,43,1978.13,2024-09-19 11:23:15,Bucharest,228.203.79.221,phone,in-person,1,0
894,35,2330.35,2024-10-11 05:03:42,New York,84.199.119.236,phone,online,1,1
895,130,2179.54,2024-07-04 19:56:15,Tokyo,172.177.203.205,laptop,online,2,0
896,235,1074.04,2025-04-13 01:15:29,Los Angeles,37.233.171.87,computer,in-person,1,0
897,72,1843.2,2025-03-15 22:07:42,Constanta,78.43.184.159,laptop,online,4,0
898,180,1126.23,2024-12-10 05:56:05,Bucharest,54.10.235.181,computer,in-person,3,0
899,179,1285.05,2024-11-17 07:32:20,Bucharest,59.42.177.114,computer,in-person,2,0
900,63,1286.75,2024-12-24 18:29:57,Cluj,68.241.243.48,laptop,in-person,3,0
901,129,2163.16,2025-03-11 03:44:32,New York,198.14.167.161,computer,in-person,1,0
902,47,120.55,2024-11-23 15:21:35,Slatina,215.50.113.37,computer,online,1,0
903,91,975.07,2025-01-13 20:12:27,Sydney,75.80.13.180,computer,online,3,0
904,77,765.04,2024-10-08 17:38:06,Chicago,174.14.131.190,phone,in-person,2,0
905,101,335.56,2024-11-23 15:24:26,Tokyo,42.158.152.226,laptop,in-person,1,0
906,13,891.66,2024-07-21 12:05:15,Tokyo,87.218.74.224,phone,online,1,0
907,126,706.99,2024-09-20 05:15:38,London,68.79.106.73,phone,online,3,0
908,23,1319.99,2024-08-22 08:02:50,Berlin,209.204.227.109,computer,in-person,2,0
909,18,581.39,2024-07-29 03:12:07,Bucharest,240.118.219.71,laptop,in-person,0,0
910,157,1397.46,2025-03-16 00:45:26,Slatina,152.222.217.197,laptop,online,1,0
911,121,271.07,2025-04-02 07:35:37,London,246.244.201.63,phone,in-person,2,0
912,203,2198.02,2024-11-25 20:23:00,Cluj,250.154.232.128,phone,online,3,0
913,121,1663.27,2024-10-04 10:08:43,London,71.205.169.12,laptop,online,2,0
914,191,2456.66,2025-01-01 09:11:03,London,112.206.237.162,computer,online,1,0
915,127,648.85,2025-05-20 23:05:37,Berlin,140.231.30.133,phone,in-person,0,0
916,220,1152.09,2024-10-04 14:09:45,Bucharest,67.142.13.229,laptop,online,0,0
917,115,1930.73,2025-03-24 15:21:12,Constanta,135.41.33.110,phone,online,1,0
918,80,2453.1,2024-12-05 05:13:44,Los Angeles,115.20.196.114,laptop,in-person,2,0
919,230,2906.77,2024-08-19 00:33:05,Los Angeles,51.79.60.164,computer,in-person,3,0
920,17,618.48,2024-07-01 08:32:00,New York,1.34.53.129,laptop,online,1,0
921,32,2647.43,2024-11-08 22:52:48,Slatina,9.193.53.34,laptop,online,3,1
922,129,433.87,2025-05-07 11:10:10,Slatina,3.209.161.34,laptop,online,4,0
923,173,2553.63,2024-12-20 15:06:07,New York,102.235.150.29,computer,in-person,3,0
924,35,1358.83,2024-05-30 00:45:59,Los Angeles,51.109.112.222,laptop,in-person,2,0
925,156,395.34,2025-03-09 11:47:28,Chicago,1.193.34.61,computer,in-person,4,0
926,119,346.43,2024-07-29 06:50:55,Bucharest,111.7.202.120,computer,online,2,0
927,236,2256.91,2025-02-06 03:52:52,Chicago,64.128.26.237,laptop,online,4,0
928,66,2806.03,2024-08-26 18:43:53,Paris,20.89.118.79,phone,online,2,0
929,37,2402.86,2024-07-11 04:23:22,Craiova,129.187.163.50,phone,in-person,2,0
930,2,1256.76,2024-05-30 21:55:55,Craiova,186.132.156.153,laptop,online,1,0
931,51,1041.57,2025-03-31 12:45:06,Berlin,138.162.97.120,laptop,in-person,1,0
932,7,1458.55,2025-01-21 01:57:30,Los Angeles,116.192.6.59,phone,in-person,3,0
933,113,2490.0,2024-09-05 10:55:31,Tokyo,134.112.136.217,phone,online,0,1
934,181,1839.55,2025-01-13 16:53:14,Craiova,104.40.87.252,computer,in-person,8,0
935,177,126.03,2025-03-14 01:07:53,Sydney,224.9.95.2,phone,online,1,0
936,12,2338.26,2024-10-10 02:45:42,Berlin,16.109.143.49,phone,online,5,0
937,116,2657.61,2025-03-04 02:54:33,Bucharest,229.118.76.189,computer,online,5,0
938,46,418.69,2025-03-19 04:56:11,New York,58.159.138.175,phone,in-person,2,0
939,104,2347.26,2024-10-15 03:41:13,Craiova,15.100.63.54,laptop,online,1,0
940,19,1127.05,2024-11-29 21:56:53,Constanta,206.108.193.215,computer,in-person,1,0
941,224,1197.67,2025-05-02 08:12:22,Bucharest,91.62.243.123,laptop,online,1,0
942,224,2017.85,2025-04-26 01:59:16,New York,161.13.47.102,laptop,in-person,2,0
943,185,272.64,2024-05-30 11:50:09,Cluj,22.245.143.143,laptop,online,4,0
944,233,503.19,2024-11-26 14:19:00,Slatina,27.83.23.87,phone,online,2,0
945,89,2885.02,2024-08-18 23:22:08,Bucharest,29.236.88.112,laptop,online,4,0
946,95,992.16,2025-03-26 15:11:25,Berlin,242.158.177.8,laptop,in-person,2,0
947,143,1303.57,2024-06-20 17:59:06,Constanta,125.110.136.147,laptop,online,2,0
948,166,1871.12,2025-02-24 08:20:29,Los Angeles,17.37.57.135,computer,online,3,0
949,37,1009.12,2025-03-06 06:19:26,Miami,165.211.215.63,phone,online,2,0
950,224,2430.48,2024-08-27 13:08:07,Sydney,116.202.249.215,phone,online,0,0
951,113,1920.95,2024-06-17 18:15:09,Craiova,128.241.120.172,computer,online,2,0
952,36,1368.25,2025-03-23 07:25:21,Chicago,34.8.158.128,laptop,online,0,0
953,234,2862.21,2024-12-14 19:17:51,London,119.168.236.158,laptop,in-person,3,0
954,135,239.06,2024-09-01 18:27:35,Miami,225.212.237.110,computer,in-person,0,0
955,129,158.18,2024-05-23 13:08:46,Los Angeles,6.218.241.236,laptop,online,2,0
956,228,1415.24,2024-12-13 05:21:04,New York,69.180.97.117,phone,in-person,0,0
957,139,286.05,2024-10-08 09:18:47,Slatina,30.252.159.213,phone,online,1,0
958,76,1626.94,2025-01-12 19:23:57,Tokyo,224.10.36.239,phone,online,1,0
959,38,689.36,2024-08-05 00:37:45,New York,216.175.66.150,computer,in-person,1,0
960,22,1092.17,2024-09-19 20:13:04,Tokyo,250.129.117.237,laptop,online,2,0
961,135,2179.69,2024-07-13 12:29:55,Berlin,25.108.119.181,laptop,online,3,0
962,40,1241.12,2024-08-19 14:03:22,Berlin,115.184.129.248,computer,online,1,0
963,168,819.6,2024-06-13 12:08:11,Berlin,107.89.118.165,laptop,in-person,4,0
964,121,2988.23,2024-11-28 07:06:27,Berlin,90.8.71.150,phone,in-person,2,0
965,159,1516.66,2025-04-26 16:19:41,Tokyo,161.129.145.88,phone,in-person,1,0
966,106,589.9,2024-10-05 20:05:08,Bucharest,239.178.213.16,phone,in-person,2,0
967,117,494.15,2024-08-18 23:34:29,Cluj,74.27.158.45,phone,in-person,3,0
968,13,2975.33,2024-08-19 14:45:57,Bucharest,15.90.77.106,computer,in-person,1,1
969,28,2035.72,2024-10-06 00:15:45,Miami,102.202.85.157,phone,in-person,3,0
970,67,628.45,2025-02-04 13:27:42,Craiova,135.219.6.166,computer,in-person,2,0
971,217,492.66,2025-05-20 01:39:17,Cluj,47.38.122.128,computer,in-person,1,0
972,32,937.82,2024-11-25 12:49:58,Craiova,185.217.122.75,computer,online,3,0
973,137,2891.15,2024-07-08 04:46:25,Craiova,47.152.184.65,laptop,in-person,0,0
974,154,2327.34,2025-04-07 09:10:08,London,90.171.242.31,phone,in-person,0,0
975,30,953.75,2024-06-05 18:16:25,New York,159.170.114.239,laptop,online,1,0
976,4,305.69,2024-10-21 00:48:23,London,97.97.131.77,laptop,online,2,0
977,229,2424.76,2025-03-29 15:59:26,Chicago,42.61.139.254,computer,in-person,3,1
978,206,1656.45,2024-05-25 09:01:57,Paris,30.181.111.58,computer,in-person,2,0
979,86,2177.89,2024-12-23 18:48:12,Miami,96.254.244.136,phone,in-person,1,0
980,24,349.92,2024-08-20 14:44:50,Miami,22.104.56.93,computer,in-person,4,0
981,50,2149.9,2024-11-13 13:09:03,Los Angeles,113.60.183.208,laptop,online,3,1
982,51,1546.01,2025-01-15 23:45:55,London,227.42.115.184,laptop,in-person,0,0
983,109,1870.42,2024-08-30 00:03:18,London,90.175.67.138,laptop,in-person,4,0
984,156,1163.82,2025-01-15 13:30:19,Cluj,128.66.134.80,phone,online,4,0
985,130,552.23,2025-01-08 07:59:56,Paris,214.128.203.210,phone,online,5,0
986,24,389.1,2024-09-04 09:57:39,Paris,126.227.241.89,phone,online,3,0
987,185,847.53,2025-04-16 01:56:58,Los Angeles,65.54.52.253,laptop,in-person,2,0
988,19,2749.51,2024-08-23 23:32:30,Sydney,157.133.41.164,computer,online,2,0
989,219,651.81,2025-03-29 08:41:31,Paris,4.216.105.77,computer,in-person,1,0
990,242,784.92,2024-10-26 09:47:16,Tokyo,241.62.227.93,computer,online,2,0
991,162,616.73,2025-03-24 21:47:57,Miami,123.132.91.139,computer,in-person,4,0
992,140,2582.43,2025-02-16 13:37:16,Craiova,203.149.118.246,laptop,online,2,0
993,106,1394.94,2024-06-23 11:23:23,Cluj,113.132.223.135,phone,in-person,3,0
994,69,1918.56,2024-11-09 10:51:00,Miami,83.98.10.181,computer,in-person,2,0
995,17,651.44,2024-06-29 20:09:14,Los Angeles,116.148.123.55,phone,online,1,0
996,15,137.03,2024-10-20 03:28:05,Paris,0.37.206.148,computer,in-person,5,0
997,15,899.21,2024-11-25 10:01:50,Bucharest,207.158.13.169,phone,online,2,0
998,53,821.79,2025-02-20 09:47:55,Berlin,212.76.184.90,phone,in-person,1,0
999,218,1317.06,2024-08-06 06:45:25,Constanta,55.104.60.189,phone,in-person,1,0
1000,229,1228.02,2025-05-03 12:26:29,Miami,53.60.175.136,laptop,online,2,0
